Organization Name,Organization Name URL,Operating Status,Stage,Industries,Headquarters Location,Description,CB Rank (Company),Headquarters Regions,Postal Code,Estimated Revenue Range,Founded Date,Founded Date Precision,Exit Date,Exit Date Precision,Closed Date,Closed Date Precision,Company Type,Website,Twitter,Facebook,LinkedIn,Full Description,Industry Groups,Number of Founders,Number of Employees,Founders,Number of Funding Rounds,Funding Status,Last Funding Date,Last Funding Amount,Last Funding Amount Currency,Last Funding Amount (in USD),Last Funding Type,Last Equity Funding Amount,Last Equity Funding Amount Currency,Last Equity Funding Amount (in USD),Last Equity Funding Type,Total Equity Funding Amount,Total Equity Funding Amount Currency,Total Equity Funding Amount (in USD),Total Funding Amount,Total Funding Amount Currency,Total Funding Amount (in USD),Top 5 Investors,Number of Lead Investors,Number of Investors,Number of Acquisitions,Acquisition Status,Transaction Name,Transaction Name URL,Acquired by,Acquired by URL,Announced Date,Announced Date Precision,Price,Price Currency,Price (in USD),Acquisition Type,Acquisition Terms,IPO Status,IPO Date,Money Raised at IPO,Money Raised at IPO Currency,Money Raised at IPO (in USD),Valuation at IPO,Valuation at IPO Currency,Valuation at IPO (in USD),Stock Symbol,Stock Symbol URL,Stock Exchange,Number of Events
&Charge,https://www.crunchbase.com/organization/charge-gmbh,Active,,"Advertising Platforms, Automotive, Big Data, Guides, Information Technology, Mobile Advertising, Private Social Networking, Transportation","Frankfurt, Hessen, Germany",&Charge is the only European platform combining smart user engagement with value-added services around EV charging,"213,130","European Union (EU), Europe, Middle East, and Africa (EMEA)",60486,$1M to $10M,2019-09-26,day,,,,,For Profit,https://and-charge.com/#/,,,https://www.linkedin.com/company/charge-gmbh/?viewAsMember=true,"We improve the EV charging experience by making it more affordable, reliable & fun. &Charge is the only European platform combining smart user engagement with value-added services around EV charging. &Charge App: &Charge offers a digital one stop-shop engagement and service platform for every EV driver – we serve as the user’s companion for EV Charging: >> Free public charging with our rewards program >> Most accurate POI data with our crowd-sourced data stream >> Huge coverage of charging stations with our Wallbox Sharing system B2B Services: &Charge’s value-added services solve constraints and ensure additional benefit for the different players in the EV ecosystem such as CPOs, EMPs and Roaming platforms.","Advertising, Community and Lifestyle, Data and Analytics, Information Technology, Media and Entertainment, Sales and Marketing, Transportation",3,11-50,"Eugen Letkemann, Matthias Drechsler, Simon Vogt",1,Seed,2021-11-09,,,,Seed,,,,Seed,,,,,,,"Porsche Ventures, Helen Ventures",1,2,,,,,,,,,,,,,,Private,,,,,,,,,,,
Admetrics,https://www.crunchbase.com/organization/admetrics,Active,,"Advertising, Analytics, Information Technology, Software","Frankfurt, Hessen, Germany",Admetrics is the first unified analytics solution with integrated experimentation engine and AI-based marketing assistant.,"93,501","European Union (EU), Europe, Middle East, and Africa (EMEA)",60314,,2015-01-01,year,,,,,For Profit,https://www.admetrics.io,https://twitter.com/admetricsio?lang=en,https://www.facebook.com/admetrics/,https://www.linkedin.com/company/admetrics-gmbh/,Admetrics provides unparalleled insights into marketing data by providing a unified analytics solution with integrated experimentation engine and AI-based marketing assistant. The marketing intelligence platform provides advertisers with actionable insights across all channels. By combining an accessible reporting interface and cutting-edge data science tools with precise measurement technology the self-service platform enables forward-thinking brands and agencies to pioneer a game-changing approach to experimentation: Implementing an agile always-on experimentation process enables Admetrics' clients to innovate faster and invest marketing budgets more intelligently.,"Advertising, Data and Analytics, Information Technology, Sales and Marketing, Software",2,11-50,"Markus Repetschnig, Thomas Einsporn",2,Seed,2023-09-22,,,,Angel,,,,Angel,250000,USD,250000,250000,USD,250000,"Newchip Accelerator, Jens Wasel, Hannibal Soares, Toni Hilti",,4,,,,,,,,,,,,,,Private,,,,,,,,,,,
AISOMA,https://www.crunchbase.com/organization/aisoma,Active,,"Artificial Intelligence (AI), Big Data, Embedded Software, Human Computer Interaction, Industrial Automation, Industrial Engineering, Machine Learning, Software Engineering","Frankfurt, Hessen, Germany",AISOMA is a manufacturer AI consulting in the areas of artificial intelligence and big data analytics.,"405,649","European Union (EU), Europe, Middle East, and Africa (EMEA)",60313,$1M to $10M,2017-01-01,year,,,,,For Profit,http://www.aisoma.de,https://twitter.com/AISOMA_AG,,https://www.linkedin.com/company/aisoma-analytics,"AISOMA is a manufacturer AI consulting in the areas of artificial intelligence and big data analytics. AISOMA AG is a multidisciplinary team of experienced data scientists, data visualization experts and software developers. These combined skill sets and competencies allows them to not only build predictive and prescriptive models, but also to engineer software in a tailor-made big data infrastructure that efficiently processes data, applies algorithms and exposes data-driven insights. Irrespective of an organization's current big data maturity level, they help their clients to translate their goals in the design, implementation and utilization of innovative AI-based solutions.","Artificial Intelligence (AI), Data and Analytics, Design, Manufacturing, Science and Engineering, Software",2,11-50,"Kazim Bahar, Murat Durmus",2,Seed,2018-05-21,,,,Seed,,,,Seed,,,,,,,,,,,,,,,,,,,,,,,Private,,,,,,,,,,,5
Aomics GmbH,https://www.crunchbase.com/organization/aomics-gmbh,Active,,"Artificial Intelligence (AI), Biotechnology, Health Care, Information Technology, Machine Learning","Frankfurt, Hessen, Germany","Aomics: A Global Data Science CRO, Delivering Expert Biostatistics and Statistical Programming Solutions","448,565","European Union (EU), Europe, Middle East, and Africa (EMEA)",65760,Less than $1M,2019-06-01,month,,,,,For Profit,https://aomics.com,,https://www.facebook.com/Aomics-2493455430697195,https://www.linkedin.com/company/aomics,"Welcome to Aomics GmbH, a German-based clinical data science CRO that provides comprehensive statistical consulting, programming, and bioinformatics services for clinical projects. We possess deep expertise in a wide array of clinical biometrics, including clinical statistics, statistical programming, clinical data management and medical writing. Our team of seasoned professionals is dedicated to providing our clients with the highest level of support and guidance, ensuring the success of their clinical research endeavours.","Artificial Intelligence (AI), Biotechnology, Data and Analytics, Health Care, Information Technology, Science and Engineering, Software",1,1-10,Rahul Sharma,2,Seed,2021-08-26,,EUR,,Grant,,EUR,,Seed,,EUR,,,EUR,,,,,,,,,,,,,,,,,,Private,,,,,,,,,,,
autengo,https://www.crunchbase.com/organization/autengo,Active,,"Automotive, Information Technology, SaaS, Software","Frankfurt, Hessen, Germany",SaaS for car dealerships,"111,901","European Union (EU), Europe, Middle East, and Africa (EMEA)",,,2016-09-01,day,,,,,For Profit,http://www.autengo.com,,http://facebook.com/autengo,https://www.linkedin.com/company/autengo/,"autengo offers Software-as-a-Service solutions for car dealerships by providing a product and service cloud for sales and marketing Having raised over 2M€, acquiring more than 500 enterprise customers autengo was acquired by Alzura (tyre24), the leading european b2b marketplace for the automotive aftermarket.","Information Technology, Software, Transportation",1,11-50,Sebastian Fischer,1,,2019-03-13,2000000,USD,2000000,Venture - Series Unknown,2000000,USD,2000000,Venture - Series Unknown,2000000,USD,2000000,2000000,USD,2000000,"STS Ventures, Hessen Kapital I, Gerald Schoenbucher, Johannis Hatt",1,4,,,,,,,,,,,,,,Private,,,,,,,,,,,
awamo,https://www.crunchbase.com/organization/awamo,Active,,"Banking, Biometrics, Financial Services, FinTech, SaaS, Software","Frankfurt, Hessen, Germany",Mobile banking & business platform for microfinance,"106,844","European Union (EU), Europe, Middle East, and Africa (EMEA)",60329,Less than $1M,2015-06-12,day,,,,,For Profit,https://awamo.com,https://twitter.com/awamo_group,https://www.facebook.com/awamo.inc,https://www.linkedin.com/company/9473106,"awamo offers a mobile, biometric core banking system (SaaS) to microfinance institutions in sub-Saharan Africa. It is affordable, easy-to-use, and platform independent. Using this platform 300+ institutions serving 450,000+ consumers are being connected. Going forward, they will be able to additionally sell partner products & services, generating additional revenue and fostering local economic growth.  The market awamo serves accounts for more than 600m individuals in sub-Saharan Africa – only considering awamo’s core services. In awamo's target markets, there are already more than 16,000 MFIs operational with more than 210,000 staff serving 53m+ consumers. Besides, the microfinance sector grows at >10% p.a. and Africa’s population is about to more than double to 2.4bn people until 2050.  Currently, Awamo serves 300+ institutions with 450,000+ consumers in Uganda and Kenya. Month-over-month more than 150,000+ transactions are being processed, moving more than 7m EUR through the platform.","Biotechnology, Data and Analytics, Financial Services, Lending and Investments, Science and Engineering, Software",3,51-100,"Benedikt Kramer, Dr. Roland Claussen, Philipp Neub",3,Seed,2018-09-20,,,,Seed,,,,Seed,2250000,USD,2250000,2250000,USD,2250000,"KFW DEG, FinLab, Jochen Berger, Bernd Wendeln",1,4,,,,,,,,,,,,,,Private,,,,,,,,,,,1
BITA,https://www.crunchbase.com/organization/bita,Active,,"Finance, Financial Services, FinTech","Frankfurt, Hessen, Germany",BITA is the world's first provider of end-to-end infrastructure for self-indexing and systematic investing.,"22,782","European Union (EU), Europe, Middle East, and Africa (EMEA)",60329,Less than $1M,2018-02-01,month,,,,,For Profit,http://www.bitadata.com,https://twitter.com/bitadata,https://www.facebook.com/bitadata,https://www.linkedin.com/company/bita-gmbh/,"BITA is the world's first provider of end-to-end infrastructure for index-based and systematic investing. BITA's platform allows institutional clients to flexibly design, backtest, calculate and benchmark investment strategies and indexes without having to rely on traditional index solutions, multiple data vendors and complex internal tools. BITA was founded in 2018 and is headquartered in Frankfurt, Hessen.",Financial Services,4,51-100,"Christoph Bruck, Paul Herrera, Ruben Feldman, Victor Hugo Gomez Zerpa",4,Early Stage Venture,2021-11-09,6000000,EUR,6956699,Series A,6000000,EUR,6956699,Series A,7250000,EUR,8360389,7250000,EUR,8360389,"Volta Ventures, Futury Capital, ETFS Capital, Pamica NV, Startupbootcamp FinTech & CyberSecurity",2,5,,,,,,,,,,,,,,Private,,,,,,,,,,,
Blockchain HELIX,https://www.crunchbase.com/organization/blockchain-helix-ag,Active,,"Bitcoin, Blockchain, Cryptocurrency","Frankfurt, Hessen, Germany",Blockchain HELIX is a blockchain technology that offers a digital identity solutions.,"2,175,303","European Union (EU), Europe, Middle East, and Africa (EMEA)",60329,$1M to $10M,2016-01-01,year,,,,,For Profit,http://www.blockchain-helix.com,https://twitter.com/BlockchainHelix,https://www.facebook.com/blockchainhelix,https://www.linkedin.com/company/blockchain-helix-ag,Blockchain HELIX provides digital identity solutions for individuals and businesses. They provide technology that improves data quality while reducing operational costs.,"Blockchain and Cryptocurrency, Financial Services, Other, Payments, Software",1,11-50,Oliver Naegele,2,Seed,2021-08-05,,,,Seed,,,,Seed,,,,,,,"Startupbootcamp Australia, FinLab, EOS VC Fund",1,3,,,,,,,,,,,,,,Private,,,,,,,,,,,
BLOCKSIZE,https://www.crunchbase.com/organization/blocksize-capital,Active,,"Blockchain, Cryptocurrency, FinTech, SaaS, Software, Trading Platform","Frankfurt, Hessen, Germany",BLOCKSIZE empowers financial market participants to transform their business and provide bank-grade solutions for managing digital assets.,"39,692","European Union (EU), Europe, Middle East, and Africa (EMEA)",,$1M to $10M,2018-10-01,day,,,,,For Profit,https://www.blocksize.info,,,https://www.linkedin.com/company/blocksizecapital/,"The new wave of innovation in finance will focus on digital assets and electronic securities. In the near future, all kinds of assets will be issued natively on blockchains or represented in a tokenized format. BLOCKSIZE data, consulting and software services enable new market entrances and traditional players to overcome entry-barriers to these new business opportunities. BLOCKSIZE empowers financial institutions to provide cutting-edge technology for embracing the transformation to digital capital markets. The BLOCKSIZE solutions include compliant market data, oracle operations as well as the issuance, trading, staking and management of digital assets across the lifecycle. Simply put: Passion to enable With a team of experienced financial business professionals and know-how in blockchain technology, BLOCKSIZE enables its clients to transform their business and to leverage emerging regulatory opportunities in digital assets and electronic securities. The BLOCKSIZE advisory services and solutions have a track record in enabling clients to solve complex technical challenges. BLOCKSIZE is headquartered in Germany. The company is transferring German excellence in engineering, compliance, and stability to users worldwide – by ensuring the solutions work in the markets relevant to the customers.","Blockchain and Cryptocurrency, Financial Services, Lending and Investments, Other, Payments, Software",2,11-50,"Christian Labetzsch, Christoph Impekoven",3,Early Stage Venture,2021-07-20,4300000,EUR,5066507,Series A,4300000,EUR,5066507,Series A,5900000,EUR,6867770,5900000,EUR,6867770,FiveT Fintech (formerly Avaloq Ventures),,1,1,Made Acquisitions,,,,,,,,,,,,Private,,,,,,,,,,,
Bullfinch,https://www.crunchbase.com/organization/bullfinch,Active,,"Embedded Systems, Energy, Finance, Financial Services, FinTech, Impact Investing, Lending, Renewable Energy","Frankfurt, Hessen, Germany",Point of Sale BNPL financing platform for renewable energy,"36,167","European Union (EU), Europe, Middle East, and Africa (EMEA)",60313,$1M to $10M,2019-01-01,year,,,,,For Profit,https://www.bullfinch.com,,,https://www.linkedin.com/company/bullfinchasset/,Point of Sale BNPL financing platform for renewable energy,"Energy, Financial Services, Hardware, Lending and Investments, Science and Engineering, Software, Sustainability",2,11-50,"Robin Haack, Simon David Bartmann",4,Seed,2022-01-17,5500000,USD,5500000,Seed,5500000,USD,5500000,Seed,10061669,USD,10061669,10061669,USD,10061669,"EWE AG, 10x Value Partners, MOMENI Ventures, Elevate Capital, Impax Asset Management",3,5,,,,,,,,,,,,,,Private,,,,,,,,,,,
cang.eco,https://www.crunchbase.com/organization/cang-eco,Active,,"Beauty, E-Commerce, Fast-Moving Consumer Goods","Frankfurt, Hessen, Germany",cang.eco is Europe's subscription platform for clean & green products. We combine the best third party brands with own products.,"136,569","European Union (EU), Europe, Middle East, and Africa (EMEA)",60386,,2019-02-02,day,,,,,For Profit,http://www.cang.eco,,https://www.facebook.com/cang.eco,https://www.linkedin.com/company/cang-eco/,"cang.eco is a subscription service for healthy and sustainable products for your home and body. We identify the best products, include our community in the selection process and offer them a peace of mind model so they don't have to worry anymore if products are good for them or the environment. We also develop our own products and brands and involve our community in active challenges to improve their daily lives.","Commerce and Shopping, Consumer Goods, Real Estate",1,1-10,Gerald Heydenreich,1,Seed,2020-07-05,2800000,EUR,3149312,Seed,2800000,EUR,3149312,Seed,2800000,EUR,3149312,2800000,EUR,3149312,"BM H Beteiligungs-Managementgesellschaft Hessen, Conny & Co, Henkel Ventures",,3,,,,,,,,,,,,,,Private,,,,,,,,,,,
Cansativa Group,https://www.crunchbase.com/organization/cansativa-group,Active,,"B2B, Cannabis, Pharmaceutical, Wholesale","Frankfurt, Hessen, Germany",WE ENABLE CANNABIS - Building the largest cannabis platform and offering the most desirable products and brands,"56,499","European Union (EU), Europe, Middle East, and Africa (EMEA)",,$10M to $50M,2017-01-01,year,,,,,For Profit,https://www.cansativa-group.com,,,https://www.linkedin.com/company/18468896,"We are creating an accessible ecosystem – together with the people. As Cansativa Group, we are resolutely blazing new trails alongside governmental bodies, administrators and our commercial partners as we are developing a dependable and diversified product and service landscape in Germany and Europe. Cannabis is an innovative future industry with enormous potential. We are the platform that makes cannabis available in Germany and Europe!","Commerce and Shopping, Community and Lifestyle, Food and Beverage, Health Care, Other",3,11-50,"Benedikt Sons, Benedikt Sons, Jakob Sons",4,Early Stage Venture,2022-02-16,15000000,USD,15000000,Series B,15000000,USD,15000000,Series B,19500000,USD,19500000,20700000,USD,20700000,"Greenfield Global, Northern Swan, Casa Verde Capital, Argonautic Ventures, Alluti",3,5,,,,,,,,,,,,,,Private,,,,,,,,,,,
Captiq,https://www.crunchbase.com/organization/captiq,Active,,"Financial Services, FinTech","Frankfurt, Hessen, Germany","Captiq is a a digital online financing platform for doctors, pharmacists, lawyers and other chamber professions.","144,928","European Union (EU), Europe, Middle East, and Africa (EMEA)",60311,,2017-01-01,year,,,,,For Profit,https://www.captiq.com,https://twitter.com/CAPTIQ2018,https://www.facebook.com/Captiq-165465234387692/,https://www.linkedin.com/company/captiq/,"CAPTIQ will be the first alternative online financing solution available the needs of chamber professions. CAPTIQ operates a B2B platform, which is the granting of loans Chambersber simplifies, for example, for the establishment of a doctor's office, an engineering office or a law firm. Especially at Amounts under 100,000 euros, it can just for entrepreneurs one To be challenged to receive a classic bank loan for this purpose such volumes are not economically attractive to traditional financiers are. Alternative online financing is common for these professionals not accessible as the vast majority of these chamber occupationsn not formed as corporations; P2P financing platforms turn, are not based on the requirements of loan amount and term aligned. CAPTIQ offers rating-dependent financing to marketable ones Conditions in the range from 5,000 to 750,000 euros.",Financial Services,2,11-50,"Lorenz Beimler, Soraya Braun",3,,2023-02-27,,,,Venture - Series Unknown,,,,Venture - Series Unknown,2600000,EUR,2924088,2600000,EUR,2924088,"Sino AG, Hessen Kapital",,2,,,,,,,,,,,,,,Private,,,,,,,,,,,
Cardisio,https://www.crunchbase.com/organization/cardisio,Active,,"Artificial Intelligence (AI), Fitness, Health Care, Wellness","Frankfurt, Hessen, Germany",Cardisio is a company that uses artificial intelligence in a non-invasive screening test for coronary and structural heart diseases.,"37,784","European Union (EU), Europe, Middle East, and Africa (EMEA)",60549,$1M to $10M,2016-01-01,year,,,,,For Profit,https://cardis.io/,https://twitter.com/Crdsio,https://www.facebook.com/Cardisio,https://www.linkedin.com/company/cardisio/?originalSubdomain=af,"Cardisio is a mobile health tech company that uses artificial intelligence in a non-invasive screening test for coronary and structural heart diseases. The Cardisiography test can detect heart disease early, allowing for preventive treatment to avoid a potentially fatal heart attack. Cardisiography analyzes the individual three-dimensional electrophysical profile of the heart and recognizes pathological patterns of heart diseases using a proprietary algorithm and neural networks (AI). The test requires a PC to access the web service (Cardisio Cloud), a data collector (e.g. a Cardisiograph), and commercially available ECG cables as well as five disposable electrodes.","Artificial Intelligence (AI), Data and Analytics, Health Care, Science and Engineering, Software, Sports",4,11-50,"Burghardt Tenderich, Gero Tenderich, Klaus Tenderich, Meik Baumeister",3,,2023-01-17,342484,GBP,420698,Grant,5000000,EUR,5214547,Venture - Series Unknown,8500000,EUR,9285574,9706272,USD,9706272,"LEA Partners, SBRI Healthcare, Jim Davidson, Shawn O'Neill",2,4,,,,,,,,,,,,,,Private,,,,,,,,,,,
CargoSteps,https://www.crunchbase.com/organization/cargosteps,Active,,"Logistics, Shipping, Software, Transportation","Frankfurt, Hessen, Germany",CargoSteps is a platform for automated backloads in B2B logistics built on a cross company real-time track & trace solution. ,"158,070","European Union (EU), Europe, Middle East, and Africa (EMEA)",60329,$1M to $10M,2015-01-01,year,,,,,For Profit,https://www.cargosteps.com/,https://www.twitter.com/cargosteps,https://www.facebook.com/CargoSteps/,https://www.linkedin.com/company/10907319,"CargoSteps is a platform for automated backloads in B2B express and courier logistics built on a cross company real-time track & trace solution that provides proactive status updates. Processes with SMEs in logistics are very time and cost intensive. The need for transparency and real-time status updates of shipments in the time critical express and courier market is very strong. Also 95% of car to van sized vehicles in this market are driving back empty after delivering a shipment, because those SMEs have only a small regional network that provides them with jobs and with the high pace in this time critical market, they can't organize backloads in time. An essential USP of CargoSteps is the cross company functionality with multiple parties of every size. Small companies usually have no system at all for their daily work and medium sized companies in this market have only isolated solutions that can't be used with their partners and subcontractors. With CargoSteps they can work with any company worldwide in less than 2 minutes. This opens completely new possibilities like the automated marketplace for backloads which you only have with slow and time uncritical general cargo shipments for big trucks with a minimum shipment size of one pallet. Everything below that gets ignored. CargoSteps on the other hand focuses on shipment sizes usually below a pallet but doesn't exclude any larger shipments. With CargoSteps' marketplace companies can improve their turnover about 50% while improving their service and freeing resources with the track & trace solution.","Software, Transportation",1,1-10,Murat Karakaya,4,Seed,2017-03-05,12500,EUR,13276,Grant,200000,EUR,222767,Seed,200000,EUR,222767,262500,EUR,290915,,,,,,,,,,,,,,,,,Private,,,,,,,,,,,
Cashlink,https://www.crunchbase.com/organization/cashlink,Active,,"Cryptocurrency, Financial Services, FinTech, Software","Frankfurt, Hessen, Germany",Cashlink empowers businesses to easily offer investments in alternative assets to their end customers using tokenization technology.,"36,651","European Union (EU), Europe, Middle East, and Africa (EMEA)",60316,$1B to $10B,2018-11-01,month,,,,,For Profit,https://cashlink.de,https://twitter.com/cashlink_de,https://www.facebook.com/cashlink.de/,https://www.linkedin.com/company/cashlink,"Cashlink is one of Europe’s leading Investment-Infrastructure-as-a-Service FinTechs.  Cashlink empowers businesses to offer their end customers investments in alternative assets (Real Estate, Renewables, Collectibles etc.). All-in-one, with a fast time to market and costs savings. Cashlink’s regulatory licenses and compliant tokenization technology allow Cashlink’s customers to focus on their core business. Customers include renowned financial institutions such as Bankhaus Scheich, Hauck & Aufhäuser & Lampe, Lloyd Fonds AG but also leading investment platforms such as WIWIN or Econos. Cashlink is a cooperation partner of Deutsche Börse and a two-time winner of the FinTech Germany Award.","Blockchain and Cryptocurrency, Financial Services, Payments, Software",2,11-50,"Lars Olsson, Michael Duttlinger",5,Early Stage Venture,2023-06-27,7000000,EUR,7670283,Series A,7000000,EUR,7670283,Series A,7000000,EUR,7670283,7000000,EUR,7670283,"seed + speed Ventures, FinLab, Futury Capital, w3.fund, BM H Beteiligungs-Managementgesellschaft Hessen",4,12,,,,,,,,,,,,,,Private,,,,,,,,,,,
ChefsList,https://www.crunchbase.com/organization/chefslist-klein-und-harris-gbr,Active,,"B2B, Food and Beverage, Information Technology, SaaS, Software","Frankfurt, Hessen, Germany",Sales and Marketing Software for Food Wholesalers,"263,374","European Union (EU), Europe, Middle East, and Africa (EMEA)",60322,$1M to $10M,2018-08-01,day,,,,,For Profit,https://www.chefslist.de/,,,https://www.linkedin.com/company/chefslist/,,"Food and Beverage, Information Technology, Other, Software",3,11-50,"André Antarki Klein, Mitch Seguin, William Harris",1,Seed,2022-03-01,,,,Seed,,,,Seed,,,,,,,Unpopular Ventures,,1,,,,,,,,,,,,,,Private,,,,,,,,,,,
Churnlify,https://www.crunchbase.com/organization/churnlify,Active,,"Analytics, Machine Learning","Frankfurt, Hessen, Germany",Advanced ML-powered Sales Analytics for SMUs,"148,461","European Union (EU), Europe, Middle East, and Africa (EMEA)",60329,,2018-07-01,month,,,,,For Profit,https://www.churnlify.com,,,,"Churnlify offers advanced ML-powered Sales Analytics for SMUs in the German-speaking DACH region.  By allowing SMUs to easily plug-in their B2B sales team data into Churnlify's ""workbench"" of Machine-Learning powered sales analytics algorithms and dashboards, SMUs are able to receive access to modern sales analytic technology without the costs and efforts required in scaling an own advanced Data Science department.  Churnlify seeks to provide SMUs with a ""Plug & Play"" solution that gives tangible recommendations to the sales team within minutes on how to improve their: 1. Revenue-At-Risk: Receive advanced insights into which customer accounts exhibit a high likelihood of reduced renewal 2. Churn Prediction: Catch early warning-signs of which customers are likely to Churn and proactively implement effective retention measures 3. Cross-/ Upsell: Identify high probability Cross- and Upsell potentials within their existing customer base 4. Customer Lifetime Value: Uncover effective campaigns to expand the Lifetime Value of each of their customer subsegments","Artificial Intelligence (AI), Data and Analytics, Software",1,11-50,Fred Geef,1,Seed,2018-07-01,500000,USD,500000,Seed,500000,USD,500000,Seed,500000,USD,500000,500000,USD,500000,Lucina Capital,1,1,,,,,,,,,,,,,,Private,,,,,,,,,,,
Clark,https://www.crunchbase.com/organization/clark-2,Active,,"FinTech, Insurance, InsurTech","Frankfurt, Hessen, Germany",Clark is an insurance platform that provides full insurance cover.,"9,828","European Union (EU), Europe, Middle East, and Africa (EMEA)",60329,$1B to $10B,2015-06-01,month,,,,,For Profit,https://www.clark.de,https://twitter.com/ClarkGermany,https://www.facebook.com/ClarkGermany,https://www.linkedin.com/company/clark-germany,"Clark is an insurance platform providing transparent, cheap and comprehensive insurance coverage. By combining technology and insurance expertise, Clark offers users simple, fair and customer-centric insurance advice. The Berlin-based company was founded in June 2015 by Dr. Christopher Oster and Steffen Glomb. Clark is supported by FinTech incubator FinLeap and the insurance think tank ITA - ""Institute for Transparency"".",Financial Services,4,501-1000,"Chris Lodde, Christopher Oster, Dr. Marco Adelt, Steffen Glomb",6,Late Stage Venture,2021-01-12,69000000,EUR,84239724,Series C,69000000,EUR,84239724,Series C,128050383,USD,128050383,133658631,USD,133658631,"Tencent, Axel Springer, Target Global, Heliad AG, finleap",5,21,3,Made Acquisitions,,,,,,,,,,,,Private,,,,,,,,,,,1
Cloudbrixx,https://www.crunchbase.com/organization/cloudbrixx,Active,,"Software, Software Engineering","Frankfurt, Hessen, Germany",Cloudbrixx is versatile software for holistic construction and real estate management.,"299,603","European Union (EU), Europe, Middle East, and Africa (EMEA)",60323,Less than $1M,2015-01-01,year,,,,,For Profit,https://www.cloudbrixx.de,,,https://www.linkedin.com/company/cloudbrixxgmbh/,Cloudbrixx offers virtual project rooms for real estate projects. They offers  tailor-made solutions from planning through the construction phase to building operation and property management. It is a cloud based platform ensures mobile accessibility. They are specialized set of applications and tools for managing a property's life cycle.,"Science and Engineering, Software",,11-50,,1,Seed,2022-11-01,,,,Seed,,,,Seed,,,,,,,,,,,,,,,,,,,,,,,Private,,,,,,,,,,,
CoinAnalyst,https://www.crunchbase.com/organization/coinanalyst,Active,,"Cryptocurrency, Financial Services","Frankfurt, Hessen, Germany",CoinAnalyst is an information and analysis platform for all cryptocurrencies and ICOs worldwide.,"330,603","European Union (EU), Europe, Middle East, and Africa (EMEA)",,,2017-01-01,day,,,,,For Profit,https://coinanalyst.tech,https://twitter.com/coinanalysttech,https://www.facebook.com/CoinAnalyst.tech/,https://www.linkedin.com/company/coin-analyst,,"Blockchain and Cryptocurrency, Financial Services, Payments, Software",2,1-10,"Pascal Lauria, Tobias Schnorr",1,,2023-11-29,,,,Undisclosed,,,,Undisclosed,,,,,,,Blockchain Founders Fund,,1,,,,,,,,,,,,,,Private,,,,,,,,,,,
Convercycle Bikes,https://www.crunchbase.com/organization/convercycle-bikes,Active,,"Consumer Goods, Electric Vehicle, Product Management","Frankfurt, Hessen, Germany",Convercycle Bikes is a developer of electric bicycles.,"1,179,694","European Union (EU), Europe, Middle East, and Africa (EMEA)",,Less than $1M,2019-01-01,year,,,,,For Profit,https://www.convercycle.com/,https://twitter.com/ConvercycleBike,https://www.facebook.com/ConvercycleBikes,https://www.linkedin.com/company/convercyclebikes,Convercycle Bikes stand for sustainable mobility in urban areas. The company developed a bicycle that combines the advantages of a maneuverable city bike with the transport options of a cargo bike: the Convercycle Bike!,"Consumer Goods, Other, Transportation",,1-10,,1,,2019-03-07,,,,Non-equity Assistance,,,,,,,,,,,VentureOut,,1,,,,,,,,,,,,,,Private,,,,,,,,,,,
Covomo,https://www.crunchbase.com/organization/covomo-versicherungsvergleich-gmbh,Active,,"Finance, Financial Services, Insurance, Property Insurance","Frankfurt, Hessen, Germany",Covomo is Germany's leading insurance comparison for special and niche insurances to let people easily protect the things they care about.,"86,440","European Union (EU), Europe, Middle East, and Africa (EMEA)",60327,$1M to $10M,2015-01-01,year,,,,,For Profit,https://business.covomo.de,https://twitter.com/covomo_de,https://www.facebook.com/covomovergleich/,https://www.linkedin.com/company/covomo-versicherungsvergleich-gmbh,"Covomo is a leading portal for all niche product insurances on a mission to empower people to easily protect the things they care about. We are offering the best in class B2B distribution platform for our partners and the best on-demand insurance products on the market. Behind Covomo is a team mixed of experienced insurance professionals, forward-thinking entrepreneurs and colleagues in the tech industry with love for innovation and attention to detail. With our exclusive focus on niche insurance products, we manage to get the best understanding of the customers' needs and catch the market opportunities in time to be the first to deliver the valuable propositions and shape our industry. You can become part of their extraordinary team — one thing is certain: working at Covomo means being part of a dynamic team and having multiple development opportunities.",Financial Services,3,11-50,"Eberhard Riesenkampff, Karl Dieterich, Simon Nortersheuser",2,,2018-01-18,2000000,EUR,2446920,Venture - Series Unknown,2000000,EUR,2446920,Venture - Series Unknown,2000000,EUR,2446920,2050000,EUR,2502984,"EASME, Michael Föcking",1,2,,,,,,,,,,,,,,Private,,,,,,,,,,,
CreditLinks,https://www.crunchbase.com/organization/creditlinks,Active,,"Credit, Financial Services, FinTech, Lending","Frankfurt, Hessen, Germany","CreditLinks connects corporates, lenders, and advisors in one platform around corporate financings.","330,135","European Union (EU), Europe, Middle East, and Africa (EMEA)",60327,,2017-01-01,year,,,,,For Profit,https://www.creditlinks.de/en/index.html,,,https://www.linkedin.com/company/creditlinks.de/,"CreditLinks connect corporates, lenders, and advisors over the life of financings and integrates structured data workflows and communication tools in one platform around corporate financings. Current processes for corporate financings entail large amounts of unstructured data and documents, mostly handled manually by too many operators. The result? Long processing times and high administrative costs.","Financial Services, Lending and Investments",2,1-10,"Christopher Helm, Tilo Kraus",1,,2017-09-15,,,,Non-equity Assistance,,,,,,,,,,,EY Startup Academy,,1,,,,,,,,,,,,,,Private,,,,,,,,,,,
DataSpark,https://www.crunchbase.com/organization/dataspark-23f9,Active,,"Analytics, Artificial Intelligence (AI), Information Technology","Frankfurt, Hessen, Germany",DataSpark provides advanced analytics and intelligent automation services.,"365,079","European Union (EU), Europe, Middle East, and Africa (EMEA)",,$1M to $10M,2016-01-01,year,,,,,For Profit,https://www.dataspark.de,https://twitter.com/datasparkgmbh,https://www.facebook.com/datasparkgmbh,https://www.linkedin.com/company/dataspark-gmbh-co-kg,,"Artificial Intelligence (AI), Data and Analytics, Information Technology, Science and Engineering, Software",,11-50,,1,,2024-08-19,,,,Venture - Series Unknown,,,,Venture - Series Unknown,,,,,,,BM H Beteiligungs-Managementgesellschaft Hessen,1,1,,,,,,,,,,,,,,Private,,,,,,,,,,,
debtify,https://www.crunchbase.com/organization/debtify,Active,,"Debt Collections, Developer APIs, FinTech","Frankfurt, Hessen, Germany","Fintech, Ecosystem, API, debt collection, NPL non performing loan","136,592","European Union (EU), Europe, Middle East, and Africa (EMEA)",20457,,2019-03-01,day,,,,,For Profit,https://www.debtify.com,,,https://www.linkedin.com/company/debtify/,"debtify provides an API and APP driven dynamic ecosystem all around non-performing-loans. Based on the ideas and experiences created and discussed from NPL industry experts on our NPL Professional Network (https://www.debtify.com/npl-professional-network) we open up opportunities to Banks, Servicer and App-Developers to turn their ideas into reality on our multi-sided platform www.debtify.com.","Administrative Services, Financial Services, Software",2,11-50,"Kia Khosrojerdi, Michael Weinreich",2,Seed,2021-02-01,250000,EUR,301697,Pre-Seed,250000,EUR,301697,Pre-Seed,400000,EUR,469773,400000,EUR,469773,,,,,,,,,,,,,,,,,Private,,,,,,,,,,,
Deutsche Radiologie Holding,https://www.crunchbase.com/organization/deutsche-radiologie-holding,Active,,"Health Care, Therapeutics","Frankfurt, Hessen, Germany","Deutsche Radiologie Holding offers successful owners of radiological, nuclear medicine or radiotherapeutic practices.","3,581,265","European Union (EU), Europe, Middle East, and Africa (EMEA)",60306,,2017-01-01,year,,,,,For Profit,https://meine-radiologie-holding.de/,,,,"Deutsche Radiologie Holding offers successful owners of radiological, nuclear medicine or radiotherapeutic practices.",Health Care,,1001-5000,,1,Private Equity,2019-01-04,,,,Private Equity,,,,Private Equity,,,,,,,Triton Partners,1,1,,,,,,,,,,,,,,Private,,,,,,,,,,,
Efferon LPS,https://www.crunchbase.com/organization/efferon-lps,Active,,,"Frankfurt, Hessen, Germany",Efferon offers a therapeutic device for extracorporeal blood adsorption.,"79,515","European Union (EU), Europe, Middle East, and Africa (EMEA)",60489,,2019-01-01,year,,,,,For Profit,https://efferon.com,,,,"Efferon provides sterile, single-use devices for extracorporeal blood purification of toxic substances and inflammatory mediators. They have been used in intensive care units in the treatment of life-threatening conditions: sepsis, multiple organ failure, and cytokine storm syndrome.",,2,,"Alexei Morozov, Ivan Bessonov",1,,2021-07-12,200000000,RUB,2688103,Venture - Series Unknown,200000000,RUB,2688103,Venture - Series Unknown,200000000,RUB,2688103,200000000,RUB,2688103,,,,,,,,,,,,,,,,,Private,,,,,,,,,,,
Elektron Motors,https://www.crunchbase.com/organization/elektron-motors,Active,,"Automotive, Electric Vehicle, Manufacturing","Frankfurt, Hessen, Germany",The next generation exotic car brand - The Art of Passion -,"713,031","European Union (EU), Europe, Middle East, and Africa (EMEA)",60311,,2017-07-21,day,,,,,For Profit,http://www.elektronmotors.com,https://twitter.com/armageddonbull?lang=en,https://www.facebook.com/elektron.motors/,https://www.linkedin.com/company/9337631/,Elektron Motors is an EV manufacturing brand focusing only on developing and producing high performance supersports cars and hypercars.,"Manufacturing, Transportation",1,11-50,Armagan Arabul,1,Seed,2021-01-21,,,,Seed,,,,Seed,,,,,,,,,,,,,,,,,,,,,,,Private,,,,,,,,,,,
Enviria,https://www.crunchbase.com/organization/enviria,Active,,"Energy, Renewable Energy, Solar","Frankfurt, Hessen, Germany",Enviria offers solar-centric projects and energy-as-a-service solutions for businesses.,"13,031","European Union (EU), Europe, Middle East, and Africa (EMEA)",60329,$1M to $10M,2017-01-01,year,,,,,For Profit,https://enviria.energy,,https://hi-in.facebook.com/Enviria.Energy.PV,https://www.linkedin.com/company/enviria,"Enviria offers solar-centric projects and energy-as-a-service solutions for businesses. The company's innovative solar-centric projects are organized and constructed utilizing EPC expertise and financial engineering concepts tailored to the distinctive requirements of the B2B sector. In this domain, the company's knowledge and network synergize the strengths of all involved parties.","Energy, Natural Resources, Sustainability",1,101-250,Melchior Schulze Brock,2,Early Stage Venture,2024-02-29,185000000,EUR,199910527,Series B,185000000,EUR,199910527,Series B,207500000,EUR,223580785,207500000,EUR,223580785,"BlackRock, redalpine, BNP Paribas Développement, Alter Equity 3P, Galileo Green Energy",3,5,,,,,,,,,,,,,,Private,,,,,,,,,,,
Farmako,https://www.crunchbase.com/organization/farmako,Active,,"Biotechnology, Pharmaceutical","Frankfurt, Hessen, Germany",Farmako is a research-based pharmaceutical company.,"427,925","European Union (EU), Europe, Middle East, and Africa (EMEA)",60313,,2018-01-01,year,2019-10-25,day,,,For Profit,https://www.farmako.de/,https://twitter.com/farmakogmbh?lang=en,,https://www.linkedin.com/company/farmako-gmbh/,"Farmako wants to become a vertically integrated leader in every European country that has created a legal basis for medical cannabis. The pharmaceutical industry will be changed worldwide through cannabinoid therapies. We plan to drive this change with a high demand on our employees and our products as well as at high speed. As the first European company in this field, we attach great importance to innovation through research and development. So that doctors, patients and pharmacists have more choice to choose the best possible therapy.","Biotechnology, Health Care, Science and Engineering",2,11-50,"Niklas Kouparanis, Sebastian Diemer",1,M&A,2018-12-17,,,,Seed,,,,Seed,,,,,,,Heartbeat Labs,1,1,,Was Acquired,Farmako acquired by Digicann Ventures,https://www.crunchbase.com/acquisition/agraflora-acquires-farmako--f272c90a,Digicann Ventures,https://www.crunchbase.com/organization/agraflora,2019-10-25,day,,,,Acquisition,,Private,,,,,,,,,,,
FELS Group - FollowMyMoney,https://www.crunchbase.com/organization/fels-group,Active,,"Asset Management, Finance, Financial Services, FinTech, Marketplace, Trading Platform, Wealth Management","Frankfurt, Hessen, Germany",FELS operates the leading marketplace for digital wealth management strategies - FollowMyMoney,"51,219","European Union (EU), Europe, Middle East, and Africa (EMEA)",65779,,2018-07-01,day,,,,,For Profit,https://followmymoney.de/,,https://www.facebook.com/FollowMyMoneyOfficial,https://www.linkedin.com/company/fels-group/,"FELS is operating the leading marketplace for social wealth management - FollowMyMoney.de - supplying over 20K investment products (incl. stocks, ETFs, active fonds, bonds, derivatives, commodities, industrial metals & rare earths, crypto) at low B2B pricing. The FELS trader cloud is a network of superb investment professionals - often wealth and asset managers who successfull invested&traded over €100M each - and who are generating specific trading recommendations and strategies, which users can subscribe to or trade on their own. The FELS strategies are automating the investment process across traders and recommendations to achieve various pre-defined investment goals.","Commerce and Shopping, Financial Services, Lending and Investments",1,51-100,Jens Labusch,4,Early Stage Venture,2023-12-01,3000000,EUR,3267775,Series A,3000000,EUR,3267775,Series A,16000000,EUR,17657964,16000000,EUR,17657964,,,,,,,,,,,,,,,,,Private,,,,,,,,,,,
Field Buzz,https://www.crunchbase.com/organization/field-buzz,Active,,"Emerging Markets, Enterprise Software, Mobile, SaaS, Software","Frankfurt, Hessen, Germany",Manage your field operations with smartphones and mobile internet,"135,269","European Union (EU), Europe, Middle East, and Africa (EMEA)",60486,Less than $1M,2015-01-08,day,,,,,For Profit,https://field.buzz,https://twitter.com/field_buzz,http://www.facebook.com/field.buzz,https://www.linkedin.com/company/field-information-solutions-gmbh/,"Our software helps organizations to manage their field operations with smartphones and web, bringing transparency and efficiency to the “last mile” in emerging markets.","Mobile, Other, Software",2,11-50,"Alexis Rawlinson, Habib Ullah Bahar",3,,2020-01-22,250000,EUR,277395,Debt Financing,,,,,,,,553276,USD,553276,GSMA Ecosystem Accelerator,1,1,,,,,,,,,,,,,,Private,,,,,,,,,,,1
Finanzguru,https://www.crunchbase.com/organization/finanzguru-by-dwins-gmbh,Active,,"Artificial Intelligence (AI), Assistive Technology, Financial Services, FinTech, Insurance","Frankfurt, Hessen, Germany",Finanzguru is an AI-powered financial assistant that assists users in managing their accounts and contracts.,"9,733","European Union (EU), Europe, Middle East, and Africa (EMEA)",60316,$1M to $10M,2015-08-03,day,,,,,For Profit,http://www.finanzguru.de,https://twitter.com/finanzguru_de,https://www.facebook.com/finanzguru.de,https://www.linkedin.com/company/dwins,Finanzguru is an AI-powered financial assistant that assists users in managing their accounts and contracts. Finanzguru determines a user's disposable income in real time based on their income and expenses. It even considers its contractual partners' upcoming bookings. This provides users with a single number that contains all of the information they require. Finanzguru gives users complete control over their finances and safely and reliably guides them.,"Artificial Intelligence (AI), Data and Analytics, Financial Services, Health Care, Science and Engineering, Software",2,51-100,"Alexander Michel, Benjamin Michel",6,Early Stage Venture,2023-04-04,13000000,EUR,14245170,Series B,13000000,EUR,14245170,Series B,27000000,EUR,30174944,27000000,EUR,30174944,"Redstone.VC, Deutsche Bank, seed + speed Ventures, PayPal Ventures, SCOR Ventures",4,11,,,,,,,,,,,,,,Private,,,,,,,,,,,1
Finlex,https://www.crunchbase.com/organization/finlex,Active,,"Commercial Insurance, Financial Services, Insurance, Risk Management","Frankfurt, Hessen, Germany","Finlex is a commercial insurance platform for corporates, brokers, and insurers.","49,604","European Union (EU), Europe, Middle East, and Africa (EMEA)",60327,$1M to $10M,2015-05-18,day,,,,,For Profit,https://finlex.io,https://twitter.com/finlex_gmbh,https://www.facebook.com/finlex2015/,https://www.linkedin.com/company/finlex-gmbh/,"Finlex is a commercial insurance platform for corporates, brokers, and insurers. They combine the core areas of IT and business within their ecosystem. The Finlex platform provides insurers with automated underwriting for financial line products as well as access to the leading industrial brokers. On its online marketplace, they also provide customized special concepts and an extensive knowledge database.","Financial Services, Professional Services",3,51-100,"Christian Reddig, Sebastian Klapper, Tomasz Kosecki",1,Early Stage Venture,2021-08-12,8000000,EUR,9388713,Series A,8000000,EUR,9388713,Series A,8000000,EUR,9388713,8000000,EUR,9388713,"BlackFin Capital Partners, Segenia Capital",,2,,,,,,,,,,,,,,Private,,,,,,,,,,,
Haus der Bäcker,https://www.crunchbase.com/organization/haus-der-bäcker,Active,,"Bakery, Food and Beverage","Frankfurt, Hessen, Germany",Haus der Bäcker is a food solutions company that provides sales in the bakery industry.,"329,969","European Union (EU), Europe, Middle East, and Africa (EMEA)",60314,,2019-01-01,year,,,,,For Profit,https://www.haus-der-baecker.de/,,,https://www.linkedin.com/company/haus-der-b%C3%A4cker/,"Haus der Bäcker is a produce food and beverage company. They provide products for bakeries and restaurants. Their customers' inquiries are addressed through phone, email, and online applications.",Food and Beverage,1,,Rigbert Fischer,1,Private Equity,2019-04-16,,,,Private Equity,,,,Private Equity,,,,,,,blueworld.group,,1,,,,,,,,,,,,,,Private,,,,,,,,,,,
HELROM Trailer rail,https://www.crunchbase.com/organization/helrom-trailer-rail,Active,,"Logistics, Supply Chain Management, Transportation","Frankfurt, Hessen, Germany",HELROM is a fully operational vertically integrated cargo railway company that provides dependable transportation services.,"84,125","European Union (EU), Europe, Middle East, and Africa (EMEA)",60327,$1M to $10M,2018-01-01,year,,,,,For Profit,https://www.helrom.com,,,https://www.linkedin.com/company/helrom-gmbh,HELROM is a fully operational vertically integrated cargo railway company that provides dependable transportation services for semi-trailers from hub to hub.,Transportation,,1-10,,1,,2023-02-14,15000000,EUR,16103509,Grant,,,,,,,,15000000,EUR,16103509,Federal Ministry for Digital Affairs and Transport,1,1,,,,,,,,,,,,,,Private,,,,,,,,,,,
idatase GmbH,https://www.crunchbase.com/organization/idatase-gmbh,Active,,"Analytics, Artificial Intelligence (AI), Enterprise Software","Frankfurt, Hessen, Germany",NetLumes distinct benefits comes with its acceleration of IIoT analytics.,"154,949","European Union (EU), Europe, Middle East, and Africa (EMEA)",65934,$1M to $10M,2017-03-01,month,,,,,For Profit,http://idatase.de/,https://twitter.com/idatase,https://www.facebook.com/idataseofficialpage,https://www.linkedin.com/company/3322709/,"Starting as a consultancy for data analytics and machine learning projects focused in the energy sector, idatase began to experienced an increasing gap between human domain experts, data experts and the abilities of data-driven automation. NetLume is our response to bridge those gaps and innovate a new way of collaboration across domains. We provide the OS for A.I. in the industry as one shared platform: The domain expert with his superior knowledge to a field gathered through years of work, the data scientist with his expertise in data analytics and automation, as well as the machine itself with increasing capabilities and intelligence.","Artificial Intelligence (AI), Data and Analytics, Science and Engineering, Software",1,1-10,Jan Hanken,3,Seed,2019-03-04,122754,USD,122754,Pre-Seed,122754,USD,122754,Pre-Seed,122754,USD,122754,122754,USD,122754,"Techstars, Sente Ventures, SpinLab - The HHL Accelerator, Data Pitch",1,4,,,,,,,,,,,,,,Private,,,,,,,,,,,1
inga.,https://www.crunchbase.com/organization/inga,Active,,"Information Technology, Messaging, Social Media, Social Recruiting, Software","Frankfurt, Hessen, Germany","Automated Active Sourcing, Social Recruiting, Automated Headhunting","107,431","European Union (EU), Europe, Middle East, and Africa (EMEA)",60310,,2017-01-01,year,,,,,For Profit,https://www.inga.one,https://twitter.com/ingadotone,https://www.facebook.com/ingadotone,https://www.linkedin.com/company/ingadotone,"With the best of performance marketing, chatbots and machine learning, inga. has developed a software that enables customers to turn passive talents into active candidates in just a few clicks. Using targeted online advertising, the software developed by inga. draws the attention of passive talents outside the classic job search to new jobs and then qualifies them in sophisticated recruiting chatbots. In the process, inga.'s technology constantly optimizes the display of advertising through machine learning.","Information Technology, Internet Services, Media and Entertainment, Messaging and Telecommunications, Professional Services, Software",3,11-50,"Corinna Haas, Daniel Hofinger, Kim Körber",1,Seed,2019-03-01,430000,EUR,488845,Seed,430000,EUR,488845,Seed,430000,EUR,488845,430000,EUR,488845,NCA,,1,,,,,,,,,,,,,,Private,,,,,,,,,,,
Inyova,https://www.crunchbase.com/organization/inyova,Active,,"Financial Services, Impact Investing, Online Portals","Frankfurt, Hessen, Germany","Inyova is an investment platform that provides impact investing, saving plans, and financial services.","222,832","European Union (EU), Europe, Middle East, and Africa (EMEA)",,,2017-01-01,year,,,,,For Profit,https://inyova.de,https://twitter.com/inyova_impact,https://www.facebook.com/inyova.impact.investing,https://www.linkedin.com/company/inyova-impact-investing,,"Financial Services, Internet Services, Lending and Investments",,11-50,,1,Early Stage Venture,2022-01-01,,,,Series A,,,,Series A,,,,,,,Benjamin Esmilaire,,1,,,,,,,,,,,,,,Private,,,,,,,,,,,
iVE.ONE,https://www.crunchbase.com/organization/agora-innovation,Active,,"Blockchain, Compliance, Financial Services","Frankfurt, Hessen, Germany","iVE.ONE from Agora Innovation, is a web platform that connects the three pillars of digital securities - issuance, invest and legal.","72,265","European Union (EU), Europe, Middle East, and Africa (EMEA)",60311,$1M to $10M,2017-11-13,day,,,,,For Profit,http://www.ive.one,https://twitter.com/iveone_,,https://www.linkedin.com/company/iveone,"iVE.ONE provides a fully regulated issuance and investment platform for digital assets, supporting companies in venture and project funding as well as enabling investors to purchase, trade, and manage their digital assets. The iVE.ONE platform puts usability first, featuring a minimalistic, intuitive and functional front-end while powerful integrated systems are hidden out-of-sight.","Blockchain and Cryptocurrency, Financial Services, Other, Professional Services",3,11-50,"Evgeny Matershev, Phong Dao, Robert Malec",4,Seed,2021-07-21,,,,Seed,,,,Seed,1000000,EUR,1156142,1000000,EUR,1156142,"CV VC, HTGF | High-Tech Gruenderfonds, tokentus investment AG, EOS VC Fund",3,4,,,,,,,,,,,,,,Private,,,,,,,,,,,1
Klamo,https://www.crunchbase.com/organization/klamo,Active,,"Data Mining, E-Commerce, Fashion","Frankfurt, Hessen, Germany",Klamo provides a next-gen tech platform for Europe’s small fashion brands,"182,714","European Union (EU), Europe, Middle East, and Africa (EMEA)",60311,,2019-01-01,year,,,,,For Profit,https://klamo.eu,,https://www.facebook.com/klamo.eu,https://www.linkedin.com/company/klamo,We are a next-gen tech platform empowering creative minds to build a brighter future,"Clothing and Apparel, Commerce and Shopping, Data and Analytics, Design, Information Technology",1,1-10,Hannes H. Büttner,1,Seed,2019-01-01,200000,EUR,229230,Pre-Seed,200000,EUR,229230,Pre-Seed,200000,EUR,229230,200000,EUR,229230,Business Angel,,1,,,,,,,,,,,,,,Private,,,,,,,,,,,
LegalTegrity,https://www.crunchbase.com/organization/legaltegrity,Active,,"B2B, Compliance, Information Services, Information Technology, Legal, Legal Tech, Software","Frankfurt, Hessen, Germany",LegalTegrity is the digital whistleblowing solution for medium-sized companies.,"107,748","European Union (EU), Europe, Middle East, and Africa (EMEA)",60327,$1M to $10M,2019-09-01,month,,,,,For Profit,https://legaltegrity.com/,https://twitter.com/LegalTegrity,https://www.facebook.com/legaltegrity,https://www.linkedin.com/company/legaltegrity,LegalTegrity is the digital whistleblowing solution for medium-sized companies. The plug & play solution made and hosted in Germany.,"Information Technology, Other, Professional Services, Software",2,11-50,"Maraja Fistanic, Thomas Altenbach",1,Early Stage Venture,2021-02-22,1000000,EUR,1216419,Series A,1000000,EUR,1216419,Series A,1000000,EUR,1216419,1000000,EUR,1216419,BM H Beteiligungs-Managementgesellschaft Hessen,1,1,,,,,,,,,,,,,,Private,,,,,,,,,,,
LILLYDOO GmbH,https://www.crunchbase.com/organization/lillydoo-gmbh,Active,,"Beauty, Consumer Goods, E-Commerce, Health Care","Frankfurt, Hessen, Germany",Lillydoo GmbH is a monthly subscription based baby care products company.,"236,831","European Union (EU), Europe, Middle East, and Africa (EMEA)",60314,$10M to $50M,2015-01-01,year,,,,,For Profit,https://www.lillydoo.com/de/,,,https://www.linkedin.com/company/lillydoo-gmbh/?originalSubdomain=in,"LILLYDOO - Baby care at a new level There has been much change in the use of baby care products in recent years. True to the motto, less is more, it is important to care for baby's sensitive skin as naturally as possible. On average, babies and infants wear diapers for the first three years of life - a very intense skin contact with a product, during the day and at night. Based on these findings, LILLYDOO was created. Their products are free of chlorine (EFC), perfumes, parabens, PEG emulsifiers, phthalates and hormone-active substances. They only offer 100% vegan products, which are developed without animal experiments and which meet their high standards. They regularly have this confirmed by independent institutes.","Commerce and Shopping, Consumer Goods, Health Care",2,251-500,"Gerald Kullack, Sven Bauer",2,Early Stage Venture,2017-11-05,,,,Series A,,,,Series A,,,,,,,"Heartcore Capital, Vorwerk Ventures, Saarbruecker 21, Sebastian Pollok, Steffen Zoller",2,5,,,,,,,,,,,,,,Private,,,,,,,,,,,
Lithium Designers,https://www.crunchbase.com/organization/lithium-designers,Active,,"3D Printing, Architecture, Printing","Frankfurt, Hessen, Germany",Lithium Designers is a startup company that develops state-of-the-art solutions for the Building industry.,"1,079,189","European Union (EU), Europe, Middle East, and Africa (EMEA)",,,2018-01-01,year,,,,,For Profit,https://li3designers.com,,https://www.facebook.com/li3designers,https://www.linkedin.com/company/li3designers,"Lithium Designers is a startup company that develops state-of-the-art solutions for the Building industry. The company is a group of Architects, Engineers, and Researchers, who are dedicated to developing construction solutions for classic and complex buildings, in respect of the latest building regulations and state-of-the-art technologies. It offers architects and engineers the highest level of expertise, concerning new building products and their certification, to support customers achieve their visions. The company was awarded a ""Hessischer Gründerpreis 2022"" and ""ICONIC AWARDS 2022"". It was founded in 2018 and is located in Frankfurt, Hessen.","Content and Publishing, Manufacturing, Media and Entertainment, Real Estate",,1-10,,1,,2022-09-26,,,,Non-equity Assistance,,,,,,,,,,,VentureOut,,1,,,,,,,,,,,,,,Private,,,,,,,,,,,
Magton,https://www.crunchbase.com/organization/magton,Active,,"Artificial Intelligence (AI), Cryptocurrency, Financial Exchanges, Financial Services, FinTech, InsurTech, Payments, Software, Stock Exchanges, Trading Platform","Frankfurt, Hessen, Germany",Boutique Financial Technology Provider | Empowering Banks and Financial Firms | CapTech | #Fintech | #InsurTech | #Blockchain | #AI,"374,740","European Union (EU), Europe, Middle East, and Africa (EMEA)",60322,$1M to $10M,2017-08-01,day,,,,,For Profit,https://magton.com,https://twitter.com/MagtonTech,,https://www.linkedin.com/company/magton/,Manage solves the business and technology related challenges banks and financial firms are facing everyday. Respond and adapt to the industry changes – as well as clients’ and authorities’ new demands. Magton can help you to stay on the front-line of the digital world.,"Artificial Intelligence (AI), Blockchain and Cryptocurrency, Data and Analytics, Financial Services, Lending and Investments, Payments, Science and Engineering, Software",1,11-50,Adib Istanbouli,1,Private Equity,2017-08-01,,,,Private Equity,,,,Private Equity,,,,,,,,,,,,,,,,,,,,,,,Private,,,,,,,,,,,
Make Europe,https://www.crunchbase.com/organization/make-europe,Active,,"Artificial Intelligence (AI), Blockchain, Consumer, Metaverse, Retail Technology, Software, Web3","Frankfurt, Hessen, Germany","Make Europe is developing software specializing in DLT, Blockchain, EVM, Metaverse-Technology, Web3, Online Payments, and Brokerage.","825,596","European Union (EU), Europe, Middle East, and Africa (EMEA)",,,2015-01-01,year,,,,,For Profit,https://make-europe.com,,,https://www.linkedin.com/company/make-europe,"Make Europe is developing software specializing in DLT, Blockchain, EVM, Metaverse-Technology, Web3, Online Payments, and Brokerage. The company is a team of blockchain-agnostic Web3 Developers who emerge from the local Maker, DIY, and 3D-Printing scene. It was founded in 2015 in Frankfurt am Main, Hessen.","Artificial Intelligence (AI), Blockchain and Cryptocurrency, Commerce and Shopping, Data and Analytics, Hardware, Internet Services, Media and Entertainment, Other, Science and Engineering, Software",,1-10,,1,,2022-12-05,,,,Non-equity Assistance,,,,,,,,,,,VentureOut,,1,,,,,,,,,,,,,,Private,,,,,,,,,,,
Meet5,https://www.crunchbase.com/organization/go-crush,Active,,"Dating, Mobile, Social","Frankfurt, Hessen, Germany",Meet5 is between dating and socializing. Meet new people in groups of 6 people.,"41,431","European Union (EU), Europe, Middle East, and Africa (EMEA)",60314,$1M to $10M,2017-04-01,day,,,,,For Profit,https://www.meet5.com,https://twitter.com/meet5app,https://www.facebook.com/meet5app,https://www.linkedin.com/company/11392143,"Make friends in real life: Meet5 is a secure platform with over 700,000 members that lets you arrange meetings and meet new people. With Meet5, you are able to spend less time planning and have the tools to organize everything easily.","Community and Lifestyle, Mobile",4,11-50,"Joao Ferreira, Julius Muth, Kai Burghardt, Lukas Reinhardt",5,Seed,2023-10-18,1100000,EUR,1159158,Seed,1100000,EUR,1159158,Seed,2961025,USD,2961025,2961025,USD,2961025,Jost Schwaner,1,1,,,,,,,,,,,,,,Private,,,,,,,,,,,
Moanah,https://www.crunchbase.com/organization/moanah,Active,,"Consumer Goods, E-Commerce, Manufacturing","Frankfurt, Hessen, Germany",Moanah creates sustainable household products.,"860,464","European Union (EU), Europe, Middle East, and Africa (EMEA)",,,2019-01-01,year,,,,,For Profit,https://www.moanah.com/,,https://www.facebook.com/Moanah-293121758261573/?ref=page_internal,https://www.linkedin.com/company/moanah/?originalSubdomain=de,Moanah produces environmentally friendly household goods for those who value a healthy environment. These goods were created in collaboration with the customers we serve and with the environment in mind.,"Commerce and Shopping, Consumer Goods, Manufacturing",2,1-10,"Felix Kleinhenz, Salar Armakan",1,Seed,2021-03-05,,,,Seed,,,,Seed,,,,,,,Klambt,,1,,,,,,,,,,,,,,Private,,,,,,,,,,,
Mutti freut sich,https://www.crunchbase.com/organization/mutti-freut-sich,Active,,"Catering, Event Management, Events, Food and Beverage, Food Delivery, Food Trucks","Frankfurt, Hessen, Germany",Mutti freut sich is a catering services serving delectable and exceptional products.,"490,890","European Union (EU), Europe, Middle East, and Africa (EMEA)",60314,,2019-04-01,month,2021-01-01,day,,,For Profit,https://muttifood.de/,,,,,"Events, Food and Beverage, Media and Entertainment, Transportation",,11-50,,1,M&A,2019-04-07,,,,Seed,,,,Seed,,,,,,,blueworld.group,,,,Was Acquired,Mutti freut sich acquired by cuisyn,https://www.crunchbase.com/acquisition/cuisyn-acquires-mutti-freut-sich--a582d39b,cuisyn,https://www.crunchbase.com/organization/cuisyn,2021-01-01,day,,,,,,Private,,,,,,,,,,,
NetLume,https://www.crunchbase.com/organization/netlume-6bd8,Active,,"Enterprise, Information Services, Information Technology","Frankfurt, Hessen, Germany",NetLume offers one low-code visual layer on top of which all stakeholders can share their knowledge and build a software portfolio.,"865,953","European Union (EU), Europe, Middle East, and Africa (EMEA)",,,2017-01-01,year,,,,,For Profit,https://netlume.net,https://twitter.com/netlume,https://www.facebook.com/idataseofficialpage,https://www.linkedin.com/company/idatase,"NetLume offers one low-code visual layer on top of which all stakeholders can share their knowledge and build a software portfolio. NetLume innovation platform solves the key problem of the “human factor” for successful IoT initiatives by integrating domain experts and businesses into the IoT domain. The company is a comprehensive solution that combines RDFs, Ontologies, and Low code AI integration for rapid prototyping of IoT networks and Real-Time Analytics. It was founded in 2017 and is located in Frankfurt, Hesse.","Information Technology, Other",,1-10,,1,,2022-04-24,,,,Non-equity Assistance,,,,,,,,,,,VentureOut,,1,,,,,,,,,,,,,,Private,,,,,,,,,,,
ngena,https://www.crunchbase.com/organization/ngena,Active,,"Professional Networking, Software, Telecommunications","Frankfurt, Hessen, Germany",ngena platform provides international network services for business customers.,"85,578","European Union (EU), Europe, Middle East, and Africa (EMEA)",60528,$1M to $10M,2016-01-01,year,,,,,For Profit,https://www.ngena.net,https://twitter.com/ngenagmbh,,https://www.linkedin.com/company/ngena,"ngena platform provides international network services for business customers. Founded in early 2016, ngena provides a global platform that merges the local networks of all their alliance partners, forming a single Software-Defined Network (SDN). Leveraging the advantages of virtualization technology and automation, ngena facilitates a flexible end-to-end configuration and provisioning of all services, thereby enabling local alliance partners to deliver consistent data connectivity services to their enterprise customers on a global scale.","Community and Lifestyle, Hardware, Professional Services, Software",2,101-250,"Dr. Marcus Hacke, Robert M. Koffler",7,Late Stage Venture,2021-01-01,46200000,USD,46200000,Series C,46200000,USD,46200000,Series C,285670000,USD,285670000,285670000,USD,285670000,"H20 Capital, Deutsche Telekom Strategic Investments, ngena investments SPV, LP, ngena investments SPV, LP, Friends and Founders Round",2,5,1,Made Acquisitions,,,,,,,,,,,,Private,,,,,,,,,,,
Nimbus Health,https://www.crunchbase.com/organization/nimbus-health-79ad,Active,,Cannabis,"Frankfurt, Hessen, Germany","Medical Cannabis, Cannabis, Cannabis Logistics, Digital Pharmaceutical Wholesaler","399,476","European Union (EU), Europe, Middle East, and Africa (EMEA)",60320,,2018-01-01,year,2022-02-03,day,,,For Profit,http://www.nimbus.health,,,https://www.linkedin.com/company/nimbushealth/,"Nimbus Health is a licensed, entirely digitalised and vertically integrated wholesaler focused on the import and distribution of highest medical grade cannabis. With an annual distribution capacity of 22t, exclusive supplier agreements with some of the leading producers as well as a wholly-owned supply chain, Nimbus ranks amongst the top 10 distributors in Germany.","Community and Lifestyle, Food and Beverage, Health Care",3,1-10,"Alessandro Rossoni, Anji Reddy, Linus Maximilian Weber",1,M&A,2018-12-01,,,,Angel,,,,Angel,,,,,,,Mavericks Founders,,1,,Was Acquired,Nimbus Health acquired by Dr. Reddy’s Laboratories,https://www.crunchbase.com/acquisition/dr-reddys-laboratories-acquires-nimbus-health-79ad--691e5d9e,Dr. Reddy’s Laboratories,https://www.crunchbase.com/organization/dr-reddys-laboratories,2022-02-03,day,,,,Acquisition,,Private,,,,,,,,,,,
node.energy,https://www.crunchbase.com/organization/node-energy,Active,,"Energy, Energy Management, SaaS","Frankfurt, Hessen, Germany",node.energy builds SaaS solutions for the regulatory and commercial management of decentralized energy supply systems.,"21,794","European Union (EU), Europe, Middle East, and Africa (EMEA)",,Less than $1M,2016-01-01,year,,,,,For Profit,https://www.node.energy/,https://twitter.com/node_energy,https://www.facebook.com/node.energy/,https://www.linkedin.com/company/node-energy/,"node.energy builds SaaS solutions for the regulatory and commercial management of decentralized energy supply systems for commercial and industrial real estate. Our software massively reduces administrative workload, helps to save energy costs and ensure that our customers are always up to date and compliant to the current regulation.","Energy, Software",2,51-100,"Lars Manuel Rinn, Matthias Karger",4,Early Stage Venture,2022-07-29,7000000,EUR,7158401,Series A,7000000,EUR,7158401,Series A,7775000,EUR,8069506,7775000,EUR,8069506,"HTGF | High-Tech Gruenderfonds, 10x Founders, kopa ventures, BonVenture, Helen Ventures",1,7,,,,,,,,,,,,,,Private,,,,,,,,,,,
Northern Data Group,https://www.crunchbase.com/organization/northern-data,Active,,"Cloud Computing, Generative AI, Machine Learning","Frankfurt, Hessen, Germany",Northern Data builds and offers global infrastructure solutions in high-performance computing and AI cloud platforms.,"1,109","European Union (EU), Europe, Middle East, and Africa (EMEA)",60322,$50M to $100M,2018-01-01,month,,,,,For Profit,https://northerndata.de,https://x.com/NorthernDataGrp,,https://www.linkedin.com/company/northerndataag,"At Northern Data Group, we believe unlimited High Performance Computing (HPC) will unlock unprecedented opportunities for research and development, business, and ultimately human progress.  We power innovation through market-leading HPC infrastructure, operating across our three business divisions: Taiga Cloud, Ardent Data Centers and Peak Mining. Our global organization is rapidly becoming a world leader for GPU-based solutions by designing and operating ultra-efficient green HPC infrastructure. We uniquely combine intelligent and sustainable data centers, cutting-edge hardware and self-developed software for various HPC applications including Generative AI, Machine Learning and Bitcoin Mining.  We operate from large-scale custom data centers and proprietary containerized data centers for ultimate site selection flexibility. We offer a unique combination of intelligent, sustainable data centers, cutting-edge hardware and self-developed software for various HPC applications such as bitcoin mining, blockchain technology, artificial intelligence, big data analytics, IoT and graphics rendering. The Northern Data Group currently operates custom large-scale data centers and proprietary mobile high-performance data centers for unparalleled site selection flexibility and employs a workforce of some 200 people in seven countries.","Artificial Intelligence (AI), Data and Analytics, Internet Services, Software",2,101-250,"Aroosh Thillainathan, Marco Beckmann",1,,2023-11-02,575000000,EUR,610403397,Post-IPO Debt,,,,,,,,575000000,EUR,610403397,Tether Operations Limited,1,1,3,Made Acquisitions,,,,,,,,,,,,Private,,,,,,,,,,,1
OpenSportsTeam,https://www.crunchbase.com/organization/opensportsteam,Active,,"Events, Sports","Frankfurt, Hessen, Germany","ALL sports, ALL nations, ONE Team.","2,442,458","European Union (EU), Europe, Middle East, and Africa (EMEA)",,,2016-01-01,day,,,,,For Profit,http://www.opensportsteam.org,https://twitter.com/OST_Germany,https://www.facebook.com/OPENSPORTSTEAMER,https://www.linkedin.com/company-beta/10556238/,"OpenSportsTeam is an open team for all athletes and every sport. Without financial obligations, we support each other at events and in training. Whether participating in Everyman competitions or common training - the OpenSportsTeam connects athletes across sports and nationalities. The team supports the athletes in competitions and organizes their own events and leisure leagues. Through a digital platform, the communication in the team and the exchange with external stakeholders. The resulting reach is used by the OpenSports team for marketing. As a result, recreational athletes can also benefit from sponsoring and support, which until now has only been available to professionals and semi-professionals. The OpenSports Team is the first professional team for recreational athletes.","Events, Media and Entertainment, Sports",1,1-10,Sören Ploschke,1,Seed,2016-01-01,,,,Seed,,,,Seed,,,,,,,S. Asset Management UG,1,1,,,,,,,,,,,,,,Private,,,,,,,,,,,
Otto ID,https://www.crunchbase.com/organization/otto-id,Active,,Information Technology,"Frankfurt, Hessen, Germany",Otto ID provides digitization in the emergency services or in the company with the latest RFID technologies.,"549,730","European Union (EU), Europe, Middle East, and Africa (EMEA)",60386,,2018-01-01,year,,,,,For Profit,https://otto-id.com/,,https://www.facebook.com/OttoIDS/,https://www.linkedin.com/company/ottoids/,,Information Technology,,11-50,,2,,2023-03-20,,,,Venture - Series Unknown,,,,Venture - Series Unknown,,,,,,,"VentureOut, Hestomed + Helbig",1,2,,,,,,,,,,,,,,Private,,,,,,,,,,,
OWO Technology,https://www.crunchbase.com/organization/milepay,Active,,"Financial Services, FinTech","Frankfurt, Hessen, Germany",OWO Technology is a fintech startup that provides payment integration and currency exchange services in Europe.,"141,119","European Union (EU), Europe, Middle East, and Africa (EMEA)",,Less than $1M,2019-04-12,day,,,,,For Profit,https://milepay.com/,,https://www.facebook.com/milepayeu,https://de.linkedin.com/company/owo-technology-gmbh,"OWO Technology is a fintech startup that provides payment integration and currency exchange services in Europe. It helps businesses get online and creates solutions tailored to the needs of your business.  It was founded in 2019 and is located in Frankfurt am Main, Hessen.",Financial Services,2,1-10,"Derek Yun, Spark Yu",1,Seed,2020-04-01,500000,EUR,547582,Seed,500000,EUR,547582,Seed,500000,EUR,547582,500000,EUR,547582,Owo Technology PTE LTD.,,1,,,,,,,,,,,,,,Private,,,,,,,,,,,
Paula's Choice - Vẻ đẹp bắt đầu từ sự thật,https://www.crunchbase.com/organization/hyhelp,Active,,Health Care,"Frankfurt, Hessen, Germany",Health Care,"788,122","European Union (EU), Europe, Middle East, and Africa (EMEA)",60439,,2015-01-01,year,,,,,For Profit,https://paulaschoice.vn/,https://twitter.com/paulaschoice_vi,https://www.facebook.com/paulaschoice.vn,https://www.linkedin.com/company/paulaschoice/,"HyHelp provides a unique and innovative tool for hygiene management in hospitals and other healthcare institutions. HyHelp´s device helps doctors and nurses to boost hand hygiene, prevent nosocomial infections and improve patient safety.",Health Care,,501-1000,,2,Seed,2016-04-01,,,,Seed,,,,Seed,,,,,,,Think.Health,1,1,,,,,,,,,,,,,,Private,,,,,,,,,,,
portagon,https://www.crunchbase.com/organization/crowddesk,Active,,"Consulting, Finance, Financial Services, FinTech, Information Technology, SaaS, Software","Frankfurt, Hessen, Germany",portagon provides a SaaS technology platform that enables financial intermediaries and businesses to raise capital online.,"36,500","European Union (EU), Europe, Middle East, and Africa (EMEA)",,,2015-01-01,year,,,,,For Profit,https://www.portagon.com/,,,https://www.linkedin.com/company/portagon/,portagon provides a SaaS technology platform that enables financial intermediaries and businesses to raise capital online.,"Financial Services, Information Technology, Professional Services, Software",2,51-100,"Jamal El Mallouki, Johannes Laub",2,Early Stage Venture,2021-05-31,10300000,USD,10300000,Series A,10300000,USD,10300000,Series A,10300000,USD,10300000,10300000,USD,10300000,"blueworld.group, Round2 Capital Partners",1,2,,,,,,,,,,,,,,Private,,,,,,,,,,,6
Portagon,https://www.crunchbase.com/organization/crowddesk-1ef6,Active,,"Financial Services, FinTech, Internet, Software","Frankfurt, Hessen, Germany",Portagon is a financial service-based company.,"646,746","European Union (EU), Europe, Middle East, and Africa (EMEA)",60329,$1M to $10M,2015-01-01,year,,,,,For Profit,https://www.crowddesk.de,,https://www.facebook.com/Globaltrafficmedia-827715597411848/,https://www.linkedin.com/company/portagon/,"As a pioneer in digital finance, CrowdDesk enables easy and reliable access to capital. With the software solution, customers can raise and broker capital online and process transactions in a safe and secure manner. Various banks, financial service providers and brokers are also using the software solution successfully, offering their customers alternative financing and investment options.","Financial Services, Internet Services, Software",,51-100,,1,,2022-08-01,,,,Non-equity Assistance,,,,,,,,,,,VentureOut,,1,,,,,,,,,,,,,,Private,,,,,,,,,,,
Project: Gateway VR Studios GmbH,https://www.crunchbase.com/organization/project-gateway-vr-studios-gmbh,Active,,,"Frankfurt, Hessen, Germany",Virtual Reality,"1,994,610","European Union (EU), Europe, Middle East, and Africa (EMEA)",60320,Less than $1M,2015-12-15,day,,,,,For Profit,http://www.project-gateway.de,,,,,,,1-10,,1,Seed,2015-12-15,,,,Angel,,,,Angel,,,,,,,Enxium,,1,,,,,,,,,,,,,,Private,,,,,,,,,,,
Proptiq,https://www.crunchbase.com/organization/proptiq,Active,,"Property Management, Real Estate, Software","Frankfurt, Hessen, Germany",Developing technology platforms and digital solutions to enable unique and meaningful shared living experience,"182,941","European Union (EU), Europe, Middle East, and Africa (EMEA)",60327,,2019-02-27,day,,,,,For Profit,https://proptiq.com/,,,https://www.linkedin.com/company/proptiq,"Proptiq develops digital solutions for co-living. The technology is implemented in dedicated digital co-living management products ranging from residential properties (WGs) to large, purpose-built co-living facilities. Proptiq also develops white label co-living solutions for traditional real estate companies. Proptiq was founded in 2019 with the support of Fincite Ventures(technical co-founder) and Liquet Ventures. In July 2019 Proptiq acquired investment and graduated from the European accelerator blackprint Booster. The program was initiated by the investment company Blackprintpartners and former Immobilienscout24 CEO Marc Stilke in 2016 for the promotion of early-stage start-ups in the real estate industry.","Real Estate, Software",1,1-10,Ruzica Pekic,1,Seed,2019-02-27,360000,EUR,409626,Pre-Seed,360000,EUR,409626,Pre-Seed,360000,EUR,409626,360000,EUR,409626,"blackprint, Fincite Ventures, Jan Sprengnetter",,3,,,,,,,,,,,,,,Private,,,,,,,,,,,
Pythia,https://www.crunchbase.com/organization/pythia,Active,,E-Commerce,"Frankfurt, Hessen, Germany",Pythia has gained a wide range of experience in (online) commerce takes classical market research to a whole new leve,"410,246","European Union (EU), Europe, Middle East, and Africa (EMEA)",60437,,2018-01-01,year,,,,,For Profit,https://www.pythia-ai.de/,,,https://www.linkedin.com/company/swarm-market-research-ai-gmbh,Pythia has gained a wide range of experience in (online) commerce takes classical market research to a whole new level.,Commerce and Shopping,1,11-50,Raphael Kneer,1,,2019-09-10,,,,Corporate Round,,,,Corporate Round,,,,,,,Rossmann,1,1,,,,,,,,,,,,,,Private,,,,,,,,,,,
Qualifyze,https://www.crunchbase.com/organization/chemsqure,Active,,"Analytics, Life Science, Risk Management, Supply Chain Management","Frankfurt, Hessen, Germany",Qualifyze provides digital solutions for supply chain risk management in Life Sciences.,"8,762","European Union (EU), Europe, Middle East, and Africa (EMEA)",60322,$10M to $50M,2019-01-01,year,,,,,For Profit,https://www.qualifyze.com,https://twitter.com/qualifyze,,https://www.linkedin.com/company/qualifyze,"Qualifyze supports pharma companies with fast, flexible, and reliable supply chain compliance assessments. Qualifyze connects customers, suppliers, and auditors via their data and application platform. They capture and convert proprietary raw audit data to generate unique insights into supplier compliance levels across the supply chain and help their partners in healthcare track, monitor, and forecast quality and sustainability compliance efforts. Through this cloud-based platform, their customers can access and drill down into supplier compliance information at any time across multiple sites, shaping a new way to optimize supplier risk mitigation processes in a streamlined, cost-effective manner. With a global network of over 200 local expert auditors, 1,000+ pharma clients, and the world’s largest database of supplier compliance data from 2,000+ suppliers, Qualifyze is a leading provider of structured and analyzable GxP audit data resulting from onsite inspections in the pharmaceutical supply chain.","Biotechnology, Data and Analytics, Professional Services, Science and Engineering, Transportation",2,101-250,"Dr. David Schneider, Florian Hildebrand",5,Early Stage Venture,2024-09-10,54000000,USD,54000000,Series B,54000000,USD,54000000,Series B,85678355,USD,85678355,85678355,USD,85678355,"Cherry Ventures, Insight Partners, HarbourVest Partners, HV Capital, Rheingau Founders",5,10,,,,,,,,,,,,,,Private,,,,,,,,,,,
right. based on science,https://www.crunchbase.com/organization/right-based-on-science,Active,,Consulting,"Frankfurt, Hessen, Germany",right. based on science operates as a scientific climate data start-up.,"398,457","European Union (EU), Europe, Middle East, and Africa (EMEA)",60314,,2016-01-01,year,,,,,For Profit,https://www.right-basedonscience.de/,https://twitter.com/rightxdc,https://www.facebook.com/right.basedonscience/,https://www.linkedin.com/company/right.basedonscience/,"right. based on science operates as a scientific climate data start-up. right. based on science is an expert in climate impact analysis, who offers developers tools for strategies for the transition to a <2 ° C world.",Professional Services,2,11-50,"Dr. Sebastian Müller, Hannah Helmke",2,,2021-07-01,,,,Corporate Round,,,,Corporate Round,,,,,,,Solactive,1,1,,,,,,,,,,,,,,Private,,,,,,,,,,,
savedroid,https://www.crunchbase.com/organization/savedroid,Active,,"Artificial Intelligence (AI), Finance, Financial Services, FinTech, Machine Learning, Mobile Apps","Frankfurt, Hessen, Germany",savedroid exists to bring personal piggy bank savings into the modern world.,"95,884","European Union (EU), Europe, Middle East, and Africa (EMEA)",60329,$1M to $10M,2015-09-01,month,,,,,For Profit,https://www.savedroid.com,https://twitter.com/savedroidHQ,https://www.facebook.com/pg/savedroidHQ,https://www.linkedin.com/company/savedroid-ag,"savedroid is the first AI saving & spending algorithm in Europe conveniently optimizing users’ lifestyle. Their free mobile app enables users to save up for their wishes without even thinking about saving. They create significant economic value for mass market users through automated savings AND situational relevant spend optimization. Their self-learning AI algorithm analyzes users’ checking accounts, identifies saving potential and automatically transfers these savings to their users’ savings account managed by their partner bank Wirecard. Moreover, their self-learning AI algorithm automatically identifies saving potential for services such as utilities, cell, banking, insurances etc. and offers convenient and fast in-app contract switching via their B2B partnerships with Check24, Drillisch, Freenet, 1822direkt etc. savedroid earns recurring high margin affiliate revenues from B2B partners trough AI based lead generation in the categories of contract optimization, affiliate shopping, and consumer lending. Their AI analyzes a significant depth of financial and behavioral data enabling savedroid to anticipate users’ purchase decisions and proactively recommending situational relevant saving opportunities which help their users to reach their wishes even faster. Their data intelligence makes them the perfect match maker for an amplitude of situational relevant and recurring high margin B2B affiliate sales opportunities.","Apps, Artificial Intelligence (AI), Data and Analytics, Financial Services, Mobile, Science and Engineering, Software",3,11-50,"Marco Trautmann, Tobias Zander, Yassin Hankir",4,,2018-01-16,1500000,EUR,1840676,Venture - Series Unknown,1500000,EUR,1840676,Venture - Series Unknown,2625000,EUR,3108602,2625000,EUR,3108602,"Investitions- und Strukturbank Rheinland-Pfalz, Dennis Weidner, Kilian Thalhammer, Yassin Hankir, Marco Trautmann",,10,,,,,,,,,,,,,,Private,,,,,,,,,,,
Sculpt Army,https://www.crunchbase.com/organization/sculpt-army,Active,,"E-Commerce, Fitness, Sporting Goods","Frankfurt, Hessen, Germany","Sculpt Army is a fitness gear brand that offers Home-Workout accessories including sweat belt, sweat kit, resistance band, and jump rope.","158,204","European Union (EU), Europe, Middle East, and Africa (EMEA)",60329,Less than $1M,2017-01-01,year,,,,,For Profit,https://sculptarmy.de/,https://twitter.com/sculptarmy,https://www.facebook.com/sculptarmyde,https://www.linkedin.com/company/sculptarmy/,,"Commerce and Shopping, Sports",,1-10,,1,Seed,2021-10-07,250000,USD,250000,Pre-Seed,250000,USD,250000,Pre-Seed,250000,USD,250000,250000,USD,250000,Newchip Accelerator,,1,,,,,,,,,,,,,,Private,,,,,,,,,,,
Solarnative,https://www.crunchbase.com/organization/solarnative,Active,,"Renewable Energy, Semiconductor","Frankfurt, Hessen, Germany",Solarnative is a photovoltaic manufacturing startup.,"419,704","European Union (EU), Europe, Middle East, and Africa (EMEA)",,,2019-01-01,year,,,,,For Profit,https://solarnative.com,,https://www.facebook.com/people/Solarnative/100082941621857,https://www.linkedin.com/company/solarnative,Solarnative is a photovoltaic manufacturing startup that makes PV system design and installation easier while increasing production and safety.,"Energy, Hardware, Science and Engineering, Sustainability",,11-50,,1,,2023-09-26,,,,Corporate Round,,,,Corporate Round,,,,,,,Priwatt,1,1,,,,,,,,,,,,,,Private,,,,,,,,,,,
Sonus,https://www.crunchbase.com/organization/sonus-fde3,Active,,"Gaming, Information Technology, Software","Frankfurt, Hessen, Germany",Sonus is an IT company that offers Integrated voice communication solutions for game developers.,"458,491","European Union (EU), Europe, Middle East, and Africa (EMEA)",,,2019-01-01,year,,,,,For Profit,https://sonus.io/,https://x.com/Sonus__,,https://www.linkedin.com/company/sonus-io/,,"Gaming, Information Technology, Software",,11-50,,1,Seed,2021-01-01,,,,Seed,,,,Seed,,,,,,,Gamegroove Capital,,1,,,,,,,,,,,,,,Private,,,,,,,,,,,
Spearad,https://www.crunchbase.com/organization/spearad,Active,,"Advertising, SaaS, Software","Frankfurt, Hessen, Germany","SaaS, Addressable TV Advertising","1,188,353","European Union (EU), Europe, Middle East, and Africa (EMEA)",60386,,2019-01-01,year,2021-10-21,day,,,For Profit,https://www.spearad.com/home-out,,,https://www.linkedin.com/company/spearad/,"Spearad runs a multi format platform for Addressable TV advertising. Our platform helps media owners to monetize content for all available screens. Spearad changes the way advertising is sold, delivered and measured in the new era of personally-targeted and IP based TV. Our technology allows all media players in the television, OTT/VOD and Audio business to fully benefit from the advantages of digital advertising while still maintaining the specifics of audio and television. The company was founded by industry leaders ensuring maximum market acceptance and high standing technological expertise. Spearad is operating worldwide and currently has subsidiaries in Germany, UK and the US.","Advertising, Sales and Marketing, Software",1,11-50,Erhard Neumann,1,M&A,2020-12-10,,,,Seed,,,,Seed,,,,,,,"Fraser, Philipp Kobus",,2,,Was Acquired,Spearad acquired by Unruly,https://www.crunchbase.com/acquisition/unruly-acquires-spearad--c44ce1b7,Unruly,https://www.crunchbase.com/organization/unruly,2021-10-21,day,14700000,USD,14700000,Acquisition,Cash,Private,,,,,,,,,,,
Split Tech-Solutions GmbH,https://www.crunchbase.com/organization/split-tech-solutions-gmbh,Active,,"Marketing, SaaS, Software","Frankfurt, Hessen, Germany",Split is a cutting-edge service extension that allows restaurants to serve their customers at any time.,"88,855","European Union (EU), Europe, Middle East, and Africa (EMEA)",60325,$1M to $10M,2019-12-09,day,,,,,For Profit,https://gastro.split-app.de,,https://www.facebook.com/splitislit,https://www.linkedin.com/company/splittechsolutionsgmbh,"Split is the gastronomy digital service extension for more sales, enabling gastronomes to serve their guests anytime and anywhere, build a customer relationship (CRM-Tool) and offer the best possible service.","Sales and Marketing, Software",3,11-50,"Carsten Bock, Christian Castro Buch, Norman Holpart",2,Seed,2021-07-20,420000,EUR,494868,Seed,420000,EUR,494868,Seed,660000,EUR,753168,660000,EUR,753168,"BM H Beteiligungs-Managementgesellschaft Hessen, Michal Jarocki, MR Beteiligungs GmbH, Daniel von Wedel, Olaf Kempin",1,6,,,,,,,,,,,,,,Private,,,,,,,,,,,
Tamio,https://www.crunchbase.com/organization/plug-paid,Active,,"E-Commerce, E-Commerce Platforms, Payments","Frankfurt, Hessen, Germany",Tamio eCom+ is a next-generation eCommerce platform that’s all about peak performance and zero hassle.,"88,798","European Union (EU), Europe, Middle East, and Africa (EMEA)",60325,,2016-01-01,year,,,,,For Profit,https://www.tamio.com,,,,"This is Tamio eCom+ Tamio is a new all-in-one e-commerce platform launched in 2024. It has amazing performance, it’s intuitive and it’s future-proof. Tamio is designed to give you peace of mind, at the speed of light. Plugin-free. Maintenance-free. Hassle-free. Mission & Vision Our mission is to end the pain of e-commerce and empower entrepreneurs, merchants and agencies to do the work that matters. Our vision is a world of e-commerce without limitations – a place where anyone can realize their dreams and economic opportunities. Our Promise: Peace of mind. At the speed of light. Tamio eCom+ lets you focus on the work that matters. No hassle, no maintenance, no locked features. An ecom platform that just works. Founded: 2016 Payments Processed: +15M Eur Users on previous eCom solutions: +4000 Our story: End the pain of e-commerce While the struggles of running a business are real, there's really no reason any longer to add to the challenge with tricky e-commerce platforms. As web and e-commerce developers we grew tired of spending more time on troubleshooting and patching old systems, than on helping our clients improve and grow their business. Crushing Complexity Most well-known e-commerce platforms have been around for more than 15 years. And the level of complexity is overwhelming. Plugins that cause all sorts of problems and slow your site down. Maintenance and updates take valuable time. Restrictions that limit your opportunities to grow. We could say a thousand more things. But this is not a wall of complaints. This is the story of what we did about it. Peace of mind. At the speed of light It started with the belief that there had to be a better way. So we stopped complaining and set out to build something new and better. We had three demands on the e-commerce platform we wanted to develop. It had to be easier to use than the alternatives, it had to be lightning-fast, and it should not cause any trouble – in other words, it should just work. In essence: Working with e-commerce, we wanted to feel peace of mind, at the speed of light. And that is how our customer promise came to be. What makes us different? To deliver on the promise – peace of mind, at the speed of light – we needed to clear three big obstacles. Plugins cause more problems than they solve, so they had to go. Writing our own code would give us complete control – and full responsibility. We would have skin in the game. Maintenance can’t be the user’s concern. We keep the platform updated, stable, secure, and fast. So that you can focus on your customers and core business. Restrictions like locked features hold you back, and complex pricing plans make it almost impossible to know the cost. Tamio eCom+ has one fair price and no locked features. Focus on work that matters As an e-commerce merchant you want to take care of your customers, not bugs. You want to improve your products and services, not wasting time on troubleshooting. If you value simplicity and speed, we believe you will love Tamio eCom+ for just how simple it is to use, and for how fast it is – both at getting things done, and how fast it loads your eStore. Happy e-commerce adventures! Tamio eCom+","Commerce and Shopping, Financial Services, Internet Services, Payments",6,1-10,"Anders Haby, Antonis Dimitriou, Emy Carlan, George Michael, Silviu Panaite, Thomas D.",5,Seed,2023-08-01,50000,EUR,55038,Seed,50000,EUR,55038,Seed,331000,EUR,384372,511000,EUR,590679,,,,,,,,,,,,,,,,,Private,,,,,,,,,,,
Thinksurance,https://www.crunchbase.com/organization/gewerbeversicherung24,Active,,"Commercial Insurance, Financial Services, FinTech, Insurance, InsurTech, Internet, SaaS","Frankfurt, Hessen, Germany","Thinksurance is a leading technology consultation platform for business insurance used by brokers, agents, banks and further sales channels.","15,775","European Union (EU), Europe, Middle East, and Africa (EMEA)",60313,$1M to $10M,2015-01-01,year,,,,,For Profit,https://thinksurance.us,https://twitter.com/Thinksurance_de,https://www.facebook.com/thinksurance.de/,https://www.linkedin.com/company/thinksurance-gmbh/,"Thinksurance is a leading consultation technology platform for business insurance in Germany and France. It connects insurers, distributors from several sales channels and business customers on its platform.  Business insurance distributors such as the majority of (online-)brokers and broker pools, agents, banks, and others use the offering as SaaS to search, compare and conclude the right insurance coverage for their clients. Thinksurance leverages its proprietary technology to make the process as easy as possible, e.g. with several APIs to distributors CRMs and insurer systems. All relevant insurers already partner with the platform leading to an unrivaled market coverage in the commercial insurance space for small and medium-sized enterprises. Also, insurers are offered adjacent services such as Data Analytics, Portfolio Transfer, After Sales Processes or White-Label-Solutions for their internal use. Thinksurance also includes an own Online-Broker ""Gewerbeversicherung24"" which operates on www.gewerbeversicherung.de to get direct feedback from businesses to improve their service for partnering distributors and insurers.","Financial Services, Internet Services, Software",3,101-250,"Christopher Leifeld, Florian Brokamp, Timm Weitzel",5,Late Stage Venture,2024-06-01,10500000,EUR,11399327,Series C,10500000,EUR,11399327,Series C,49500000,EUR,54375626,49500000,EUR,54375626,"Eight Roads Ventures, Columbia Lake Partners, MTech Capital, Viewpoint Ventures, German Startups Group",4,7,,,,,,,,,,,,,,Private,,,,,,,,,,,
Tom & Jenny,https://www.crunchbase.com/organization/tom-jenny,Active,,E-Commerce,"Frankfurt, Hessen, Germany",Tom & Jenny white baby bodies from fairtrade organic cotton - on request in subscription.,"763,760","European Union (EU), Europe, Middle East, and Africa (EMEA)",60596,,2016-11-01,month,,,,,For Profit,https://www.tomundjenny.com/,,https://www.facebook.com/pg/tomundjennyGmbH/about/?ref=page_internal,https://www.linkedin.com/company/tom&jenny/,Tom & Jenny white baby bodies from fairtrade organic cotton - on request in subscription.,Commerce and Shopping,,1-10,,1,Seed,2018-05-01,,,,Seed,,,,Seed,,,,,,,Gocki Ventures,1,1,,,,,,,,,,,,,,Private,,,,,,,,,,,
Traxpay,https://www.crunchbase.com/organization/traxpay,Active,,"B2B, Finance, Financial Services, FinTech, Payments","Frankfurt, Hessen, Germany","Fast-growing Supply Chain Finance platform operating globally with a multi-bank approach: simple, secure & sustainable working capital.","209,474","European Union (EU), Europe, Middle East, and Africa (EMEA)",D-60327,$1M to $10M,2019-01-01,year,,,,,For Profit,http://www.traxpay.com,http://www.twitter.com/traxpay,,http://www.linkedin.com/company/2660872,"Traxpay is a fast-growing Supply Chain Finance platform that operates globally from Europe with a multi-bank approach. With the mission to become the ""Platform of Choice"" for buyers, suppliers and banks, Traxpay enables companies to manage their working capital in a simple, secure and sustainable way using all standard Supply Chain Finance tools.  Established financial institutions such as Deutsche Bank, DZ Bank, Nord/LB, LBBW or KfW IPEX-Bank trust Traxpay's financing solution and maintain strategic partnerships with the company. Through a new Sustainable Supply Chain Finance program, platform users can financially incentivize the sustainability of their supply chains","Financial Services, Other, Payments",1,11-50,Markus Rupprecht,3,,2020-07-24,,,,Corporate Round,,,,Corporate Round,19000000,USD,19000000,19000000,USD,19000000,"Deutsche Bank, Earlybird Venture Capital, Apax Partners, Castik Capital Partners",2,4,,,,,,,,,,,,,,Private,,,,,,,,,,,
Tvarit,https://www.crunchbase.com/organization/tvarit,Active,,"B2B, Consulting, Energy Efficiency, Industrial Automation, Manufacturing, Waste Management","Frankfurt, Hessen, Germany",Driving the world towards sustainable and zero-waste manufacturing,"24,514","European Union (EU), Europe, Middle East, and Africa (EMEA)",60327,Less than $1M,2019-03-01,month,,,,,For Profit,https://www.tvarit.com/,https://twitter.com/TvaritAI,https://www.facebook.com/tvaritAI/,https://www.linkedin.com/company/tvarit,Driving the world towards sustainable and zero-waste manufacturing.,"Energy, Manufacturing, Other, Professional Services, Science and Engineering, Sustainability",2,51-100,"Rahul Prajapat, Suhas Patel",5,Early Stage Venture,2023-10-31,6500000,EUR,6876022,Series A,6500000,EUR,6876022,Series A,14300000,EUR,15432992,14300000,EUR,15432992,"Momenta, Matterwave Ventures, 4impact, BM H Beteiligungs-Managementgesellschaft Hessen, Momenta",5,6,,,,,,,,,,,,,,Private,,,,,,,,,,,5
USDX Wallet,https://www.crunchbase.com/organization/usdx-wallet,Active,,"Blockchain, Cryptocurrency, Finance, Financial Services, FinTech, Payments","Frankfurt, Hessen, Germany",USDX Wallet specializes in the development of payment solutions.,"105,381","European Union (EU), Europe, Middle East, and Africa (EMEA)",60329,$1M to $10M,2017-01-01,year,,,,,For Profit,http://www.usdx.cash,https://twitter.com/USDXwallet,https://www.facebook.com/USDXwallet/,http://www.linkedin.com/company/lighthouse-gmbh,"USDX Wallet specializes in instant transfers without banks, borders, or fees. They work to make payments as easy as sending a text message. They create a stable cryptocurrency, a stablecoin. They also specialize in secure wallet apps with no fees for in-system payments and transactions.","Blockchain and Cryptocurrency, Financial Services, Other, Payments, Software",2,11-50,"Andrey Peshkov, Evgeny Sapunov",2,Early Stage Venture,2018-05-01,1500000,USD,1500000,Series A,1500000,USD,1500000,Series A,1750000,USD,1750000,1750000,USD,1750000,Andrey Peshkov,1,1,,,,,,,,,,,,,,Private,,,,,,,,,,,
WeProfit,https://www.crunchbase.com/organization/weprofit,Active,,"B2B, Collaborative Consumption, Marketplace, Outsourcing, Procurement, Social Entrepreneurship, Social Impact, Software, Sustainability, Task Management","Frankfurt, Hessen, Germany",WeProfit is the first B2B Software Development Marketplace,"134,618","European Union (EU), Europe, Middle East, and Africa (EMEA)",,,2018-09-04,day,,,,,For Profit,https://weprofit.global/,https://twitter.com/weprofit_global,https://www.facebook.com/WeProfit.Global/,https://www.linkedin.com/company/weprofitglobal/,"Redefining development cooperation means to seize the enormous potential of the hardworking and creative people from emerging economies making the benefits of globalization accessible to all.  In doing so, we use the large group of committed people who act as sales channels in an incentive-based way via their personal networks. Together, we bring the newly-conceived development cooperation into the center of society and open up global opportunities for every individual.  At the same time, this development cooperation will not be vulnerable to corruption and will only reach small and medium-sized enterprises. This middle class is the driving force in the modernization and democratization process of each country.  The WeProfit platform will thereby contribute to the development of a more efficient world economy and be part of the solutions of the main political conflicts of the 21st century. Thereby, WeProfit actually combats the causes of flight and enables migrants to use their knowledge and international experience to the benefit of all. In short, with WeProfit we will all benefit from global markets.","Commerce and Shopping, Community and Lifestyle, Other, Professional Services, Social Impact, Software, Sustainability, Transportation",3,1-10,"Arsen Abrahamyan, Matteo Emmanuello, Sahak Artazyan",1,Seed,2021-05-28,272000,EUR,331636,Pre-Seed,272000,EUR,331636,Pre-Seed,272000,EUR,331636,272000,EUR,331636,"Jörg-Matthias Butzlaff, Ara Abrahamyan, Vahe Andonians, Clemens Bollinger, Armen Kocharyan",,5,,,,,,,,,,,,,,Private,,,,,,,,,,,
Xeotek,https://www.crunchbase.com/organization/xeotek,Active,,"Analytics, Big Data, Developer Platform, Information Technology, SaaS","Frankfurt, Hessen, Germany",SaaS deep tech startup which makes data streams accessible to data-driven businesses in real time.,"278,671","European Union (EU), Europe, Middle East, and Africa (EMEA)",60313,,2017-11-10,day,,,,,For Profit,https://www.kadeck.com/,https://twitter.com/xeotekgmbh,https://www.facebook.com/XeotekGmbH,https://www.linkedin.com/company/xeotek,At Xeotek we help our customers regain control over their real-time data streams with our monitoring and data exploration solution KaDeck - for Apache Kafka & Amazon Kinesis.,"Data and Analytics, Information Technology, Software",1,1-10,Benjamin Buick,1,Seed,2022-05-16,,,,Seed,,,,Seed,,,,,,,468 Capital,,1,,,,,,,,,,,,,,Private,,,,,,,,,,,