Transaction Name,Transaction Name URL,Organization Name,Organization Name URL,Funding Type,Organization Location,Money Raised,Money Raised Currency,Money Raised (in USD),Announced Date,Funding Stage,Pre-Money Valuation,Pre-Money Valuation Currency,Pre-Money Valuation (in USD),Equity Only Funding,Organization Description,Organization Industries,Diversity Spotlight,Organization Website,Organization Revenue Range,Total Funding Amount,Total Funding Amount Currency,Total Funding Amount (in USD),Funding Status,Number of Funding Rounds,Lead Investors,Number of Investors,Number of Partner Investors,Investor Names,CB Rank (Funding Round)
Angel Round - academa,https://www.crunchbase.com/funding_round/academa-angel--786786c1,academa,https://www.crunchbase.com/organization/academa,Angel,"Aachen, Nordrhein-Westfalen, Germany, Europe",,,,2022-01-12,Seed,,,,Yes,academa offers digital training formats for the public sector. The GovTech company is a spin-off of RWTH Aachen University.,"Education, GovTech",,https://academa.de/,$1M to $10M,,,,Seed,1,,10,,"Jan Kemper, Just Beyer, Manfred Merle, Marcus Erken, Michael Schrezenmaier, Oliver Roskopf, Philipp Kreibohm, Robert Maier, Stefan Mader, Vincent Thiebaud","94,780"
Series A - ACCURE Battery Intelligence,https://www.crunchbase.com/funding_round/accure-battery-intelligence-series-a--ffd19a42,ACCURE Battery Intelligence,https://www.crunchbase.com/organization/accure-battery-intelligence,Series A,"Aachen, Nordrhein-Westfalen, Germany, Europe",8000000,USD,8000000,2021-09-08,Early Stage Venture,,,,Yes,ACCURE is an AI-powered battery analytics company.,"Analytics, Artificial Intelligence (AI), Battery, Energy, Energy Storage, Machine Learning, Predictive Analytics, Renewable Energy, Software",,https://accure.net,$500M to $1B,18494830,USD,18494830,Early Stage Venture,3,Blue Bear Capital,3,3,"42CAP, Blue Bear Capital, Capnamic Ventures","175,266"
Series A - ACCURE Battery Intelligence,https://www.crunchbase.com/funding_round/accure-battery-intelligence-series-a--87e594b9,ACCURE Battery Intelligence,https://www.crunchbase.com/organization/accure-battery-intelligence,Series A,"Aachen, Nordrhein-Westfalen, Germany, Europe",7200000,EUR,7809483,2023-08-22,Early Stage Venture,,,,Yes,ACCURE is an AI-powered battery analytics company.,"Analytics, Artificial Intelligence (AI), Battery, Energy, Energy Storage, Machine Learning, Predictive Analytics, Renewable Energy, Software",,https://accure.net,$500M to $1B,18494830,USD,18494830,Early Stage Venture,3,"Blue Bear Capital, HSBC Asset Management",4,2,"Blue Bear Capital, Capnamic Ventures, HSBC Asset Management, Riverstone Holdings","258,720"
Seed Round - ACCURE Battery Intelligence,https://www.crunchbase.com/funding_round/accure-battery-intelligence-seed--507a3e17,ACCURE Battery Intelligence,https://www.crunchbase.com/organization/accure-battery-intelligence,Seed,"Aachen, Nordrhein-Westfalen, Germany, Europe",2300000,EUR,2685347,2020-09-24,Seed,,,,Yes,ACCURE is an AI-powered battery analytics company.,"Analytics, Artificial Intelligence (AI), Battery, Energy, Energy Storage, Machine Learning, Predictive Analytics, Renewable Energy, Software",,https://accure.net,$500M to $1B,18494830,USD,18494830,Early Stage Venture,3,Capnamic Ventures,2,1,"42CAP, Capnamic Ventures","560,109"
Private Equity Round - Aixigo,https://www.crunchbase.com/funding_round/aixigo-gmbh-private-equity--b2f0e140,Aixigo,https://www.crunchbase.com/organization/aixigo-gmbh,Private Equity,"Aachen, Nordrhein-Westfalen, Germany, Europe",,,,2019-05-20,Private Equity,,,,Yes,Aixigo is an API-based wealth management platform that enables banks and financial services providers to digitize their service offerings.,"Analytics, Insurance, Software, Wealth Management",,http://www.aixigo.de,$1M to $10M,,,,M&A,2,fronttrail Equity Partners,1,,fronttrail Equity Partners,"342,619"
Angel Round - amberSearch,https://www.crunchbase.com/funding_round/amberoad-angel--7282e059,amberSearch,https://www.crunchbase.com/organization/amberoad,Angel,"Aachen, Nordrhein-Westfalen, Germany, Europe",,,,2021-08-26,Seed,,,,Yes,amberSearch is an intelligent enterprise search engine helping employees to cut down search times and companies to stop knowledge loss.,"Artificial Intelligence (AI), Enterprise Applications, Enterprise Software, Information Technology, Intelligent Systems, Knowledge Management, Machine Learning, Natural Language Processing, Search Engine, Software",,https://ambersearch.de,,,,,Seed,2,,2,,"Daniel Ruben, Mirko Kerschbaum","237,585"
Pre Seed Round - ANTICIPATE,https://www.crunchbase.com/funding_round/anticipate-030b-pre-seed--41b74cf9,ANTICIPATE,https://www.crunchbase.com/organization/anticipate-030b,Pre-Seed,"Aachen, Nordrhein-Westfalen, Germany, Europe",,,,2023-02-15,Seed,,,,Yes,Zero defect assembly: Empowering the frontline with video analytics,"Artificial Intelligence (AI), Consumer Electronics, Manufacturing, Software",,https://www.anticipate.ml,,,,,Seed,2,,2,,"DnA | Consulting and Venture Building, Excubate Corporate Startups","35,641"
Seed Round - Application Traffic Control,https://www.crunchbase.com/funding_round/application-traffic-control-seed--429c4419,Application Traffic Control,https://www.crunchbase.com/organization/application-traffic-control,Seed,"Aachen, Nordrhein-Westfalen, Germany, Europe",100000,USD,100000,2020-04-13,Seed,,,,Yes,Application Traffic Control is an AI-powered system to proactively control the execution of business processes.,"Artificial Intelligence (AI), Machine Learning",,https://atccloud.net/en,,100000,USD,100000,Seed,1,,,,,"108,637"
Pre Seed Round - Artificient Mobility Intelligence,https://www.crunchbase.com/funding_round/artificient-mobility-intelligence-pre-seed--38ef7b46,Artificient Mobility Intelligence,https://www.crunchbase.com/organization/artificient-mobility-intelligence,Pre-Seed,"Aachen, Nordrhein-Westfalen, Germany, Europe",,,,2023-02-01,Seed,,,,Yes,"Europe’s 1st Smart Driving App Powered by AI Computer Vision towards Safer, Greener and Smarter Mobility","Artificial Intelligence (AI), Auto Insurance, Car Sharing, Computer Vision, InsurTech, Logistics, Machine Learning, Mobile Apps",,http://www.artificient.de,$1M to $10M,500000,USD,500000,Seed,3,,2,,"APX, Techstars","142,622"
Pre Seed Round - Artificient Mobility Intelligence,https://www.crunchbase.com/funding_round/artificient-mobility-intelligence-pre-seed--341e013d,Artificient Mobility Intelligence,https://www.crunchbase.com/organization/artificient-mobility-intelligence,Pre-Seed,"Aachen, Nordrhein-Westfalen, Germany, Europe",500000,USD,500000,2023-06-09,Seed,,,,Yes,"Europe’s 1st Smart Driving App Powered by AI Computer Vision towards Safer, Greener and Smarter Mobility","Artificial Intelligence (AI), Auto Insurance, Car Sharing, Computer Vision, InsurTech, Logistics, Machine Learning, Mobile Apps",,http://www.artificient.de,$1M to $10M,500000,USD,500000,Seed,3,"APX, Lifetime Ventures",2,1,"APX, Lifetime Ventures","378,841"
Seed Round - Axino Solutions,https://www.crunchbase.com/funding_round/axino-solutions-a600-seed--e7d4826d,Axino Solutions,https://www.crunchbase.com/organization/axino-solutions-a600,Seed,"Aachen, Nordrhein-Westfalen, Germany, Europe",,,,2021-03-03,Seed,,,,Yes,Axino Solutions is an innovative software and system for the planning and implementation of comprehensive IT solutions.,"Computer, Software",,http://www.axino-group.com,$1M to $10M,,,,M&A,2,Momenta,1,,Momenta,"243,373"
Seed Round - BioThrust,https://www.crunchbase.com/funding_round/biothrust-seed--4b570cde,BioThrust,https://www.crunchbase.com/organization/biothrust,Seed,"Aachen, Nordrhein-Westfalen, Germany, Europe",,,,2024-01-25,Seed,,,,Yes,BioThrust develops customized gassing solutions for bioreactors.,"Biotechnology, Life Science, Product Research",,https://biothrust.de/,,,,,Seed,1,Freigeist Capital,1,1,Freigeist Capital,"75,748"
Series A - Black Semiconductor,https://www.crunchbase.com/funding_round/black-semiconductor-series-a--16791c47,Black Semiconductor,https://www.crunchbase.com/organization/black-semiconductor,Series A,"Aachen, Nordrhein-Westfalen, Germany, Europe",25700000,EUR,27607484,2024-06-12,Early Stage Venture,,,,Yes,"Black Semiconductor uses graphene to create ultra-fast, energy-efficient chip networks by connecting thousands as chips to interact as one.","Artificial Intelligence (AI), Automotive, Autonomous Vehicles, Electronics, Manufacturing, Robotics, Semiconductor",,https://blacksemi.com,,254400000,EUR,273281864,Early Stage Venture,4,"Porsche Ventures, Project A Ventures",9,2,"Cambium Capital Partners, Capnamic Ventures, NRW.BANK, Onsight Ventures, Porsche Ventures, Project A Ventures, Scania Growth Capital, TechVision Fund, Vsquared Ventures","9,465"
Grant - Black Semiconductor,https://www.crunchbase.com/funding_round/black-semiconductor-grant--7d7e4bc5,Black Semiconductor,https://www.crunchbase.com/organization/black-semiconductor,Grant,"Aachen, Nordrhein-Westfalen, Germany, Europe",228700000,EUR,245674380,2024-06-12,,,,,No,"Black Semiconductor uses graphene to create ultra-fast, energy-efficient chip networks by connecting thousands as chips to interact as one.","Artificial Intelligence (AI), Automotive, Autonomous Vehicles, Electronics, Manufacturing, Robotics, Semiconductor",,https://blacksemi.com,,254400000,EUR,273281864,Early Stage Venture,4,Federal Government of Germany,1,,Federal Government of Germany,"67,799"
Seed Round - Black Semiconductor,https://www.crunchbase.com/funding_round/black-semiconductor-seed--7a4eece5,Black Semiconductor,https://www.crunchbase.com/organization/black-semiconductor,Seed,"Aachen, Nordrhein-Westfalen, Germany, Europe",,,,2022-10-11,Seed,,,,Yes,"Black Semiconductor uses graphene to create ultra-fast, energy-efficient chip networks by connecting thousands as chips to interact as one.","Artificial Intelligence (AI), Automotive, Autonomous Vehicles, Electronics, Manufacturing, Robotics, Semiconductor",,https://blacksemi.com,,254400000,EUR,273281864,Early Stage Venture,4,,4,,"Andreas von Bechtolsheim, Cambium Capital Partners, Project A Ventures, Vsquared Ventures","205,099"
Pre Seed Round - cellEQ,https://www.crunchbase.com/funding_round/celleq-pre-seed--bc376646,cellEQ,https://www.crunchbase.com/organization/celleq,Pre-Seed,"Aachen, Nordrhein-Westfalen, Germany, Europe",30000,USD,30000,2018-01-01,Seed,,,,Yes,"CellEQ develops, produces and distributes individual measuring equipment for the shrinkage analysis of multi-component resin systems.",Professional Services,,https://celleq.de,,30000,USD,30000,Seed,1,,1,,EXIST,"358,474"
Seed Round - Clinomic,https://www.crunchbase.com/funding_round/clinomic-seed--b3fe4e28,Clinomic,https://www.crunchbase.com/organization/clinomic,Seed,"Aachen, Nordrhein-Westfalen, Germany, Europe",3000000,EUR,3646614,2021-01-01,Seed,,,,Yes,Medical AI company with a focus on critical care.,"Artificial Intelligence (AI), Biotechnology, Health Care, Information Technology, Medical",,https://clinomic.ai,$1M to $10M,26000000,EUR,29353515,,3,German Federal Ministry of Education and Research,1,,German Federal Ministry of Education and Research,"99,258"
Venture Round - Clinomic,https://www.crunchbase.com/funding_round/clinomic-series-unknown--b2daf5b2,Clinomic,https://www.crunchbase.com/organization/clinomic,Venture - Series Unknown,"Aachen, Nordrhein-Westfalen, Germany, Europe",7000000,EUR,8352494,2021-03-22,,,,,Yes,Medical AI company with a focus on critical care.,"Artificial Intelligence (AI), Biotechnology, Health Care, Information Technology, Medical",,https://clinomic.ai,$1M to $10M,26000000,EUR,29353515,,3,,,,,"341,362"
Venture Round - Clinomic,https://www.crunchbase.com/funding_round/clinomic-series-unknown--4ba2141d,Clinomic,https://www.crunchbase.com/organization/clinomic,Venture - Series Unknown,"Aachen, Nordrhein-Westfalen, Germany, Europe",16000000,EUR,17354407,2023-08-22,,,,,Yes,Medical AI company with a focus on critical care.,"Artificial Intelligence (AI), Biotechnology, Health Care, Information Technology, Medical",,https://clinomic.ai,$1M to $10M,26000000,EUR,29353515,,3,Sana Kliniken,1,,Sana Kliniken,"313,689"
Series A - crop.zone,https://www.crunchbase.com/funding_round/crop-zone-series-a--76224553,crop.zone,https://www.crunchbase.com/organization/crop-zone,Series A,"Aachen, Nordrhein-Westfalen, Germany, Europe",11000000,USD,11000000,2022-06-07,Early Stage Venture,,,,Yes,crop.zone provides farmers with chemistry-free tools for weed control and harvest preparation.,"Agriculture, AgTech, Farming",,https://crop.zone/,$1B to $10B,12664145,USD,12664145,Early Stage Venture,2,,3,2,"Demeter, MADAUS Capital Partners, Nufarm","91,247"
Seed Round - crop.zone,https://www.crunchbase.com/funding_round/crop-zone-seed--d14b11cf,crop.zone,https://www.crunchbase.com/organization/crop-zone,Seed,"Aachen, Nordrhein-Westfalen, Germany, Europe",1500000,EUR,1664145,2020-02-01,Seed,,,,Yes,crop.zone provides farmers with chemistry-free tools for weed control and harvest preparation.,"Agriculture, AgTech, Farming",,https://crop.zone/,$1B to $10B,12664145,USD,12664145,Early Stage Venture,2,,,,,"389,332"
Series A - Cylib,https://www.crunchbase.com/funding_round/cylib-gmbh-series-a--bb1cdb6f,Cylib,https://www.crunchbase.com/organization/cylib-gmbh,Series A,"Aachen, Nordrhein-Westfalen, Germany, Europe",55000000,EUR,59885912,2024-05-15,Early Stage Venture,,,,Yes,Cylib is a start-up for holistic battery recycling,"Battery, Chemical Engineering, CleanTech",,https://www.cylib.de/,$1M to $10M,66600000,EUR,71939011,Early Stage Venture,4,"Porsche Ventures, World Fund",14,5,"10x Founders, Andrej Henkler, Bosch Ventures, DeepTech & Climate Fonds, Kai Hansen, Karim Tabet Jalbout, Leopold König, Maximilian Odendahl, NRW.BANK, Porsche Ventures, Speedinvest, Torge Thönnessen, Vsquared Ventures, World Fund","11,181"
Seed Round - Cylib,https://www.crunchbase.com/funding_round/cylib-gmbh-seed--0940a1db,Cylib,https://www.crunchbase.com/organization/cylib-gmbh,Seed,"Aachen, Nordrhein-Westfalen, Germany, Europe",8000000,EUR,8553360,2023-02-15,Seed,,,,Yes,Cylib is a start-up for holistic battery recycling,"Battery, Chemical Engineering, CleanTech",,https://www.cylib.de/,$1M to $10M,66600000,EUR,71939011,Early Stage Venture,4,World Fund,6,4,"10x Founders, Kai Hansen, Karim Tabet Jalbout, Speedinvest, Vsquared Ventures, World Fund","132,358"
Seed Round - Cylib,https://www.crunchbase.com/funding_round/cylib-gmbh-seed--b9666b0d,Cylib,https://www.crunchbase.com/organization/cylib-gmbh,Seed,"Aachen, Nordrhein-Westfalen, Germany, Europe",,,,2022-07-01,Seed,,,,Yes,Cylib is a start-up for holistic battery recycling,"Battery, Chemical Engineering, CleanTech",,https://www.cylib.de/,$1M to $10M,66600000,EUR,71939011,Early Stage Venture,4,,1,,Leblon Capital,"204,861"
Seed Round - Cylib,https://www.crunchbase.com/funding_round/cylib-gmbh-seed--79985be5,Cylib,https://www.crunchbase.com/organization/cylib-gmbh,Seed,"Aachen, Nordrhein-Westfalen, Germany, Europe",3600000,EUR,3499739,2022-10-14,Seed,,,,Yes,Cylib is a start-up for holistic battery recycling,"Battery, Chemical Engineering, CleanTech",,https://www.cylib.de/,$1M to $10M,66600000,EUR,71939011,Early Stage Venture,4,Vsquared Ventures,8,2,"Kai Hansen, Karim Tabet Jalbout, Lawrence Leuschner, Leopold König, Maximilian Odendahl, Speedinvest, Torge Thönnessen, Vsquared Ventures","355,692"
Venture Round - Discovergy,https://www.crunchbase.com/funding_round/discovergy-series-unknown--c4a8b0f1,Discovergy,https://www.crunchbase.com/organization/discovergy,Venture - Series Unknown,"Aachen, Nordrhein-Westfalen, Germany, Europe",8000000,USD,8000000,2017-03-21,,,,,Yes,Discovergy is a smart metering operator in Germany.,"Information Technology, Internet",,https://discovergy.com,$1M to $10M,24886396,USD,24886396,,2,,,,,"430,427"
Series A - Dronefence,https://www.crunchbase.com/funding_round/dronefence-series-a--30a164c6,Dronefence,https://www.crunchbase.com/organization/dronefence,Series A,"Aachen, Nordrhein-Westfalen, Germany, Europe",,,,2017-06-05,Early Stage Venture,,,,Yes,Germany-based developer of drone tracking and security systems,"Cyber Security, Drones, Robotics, Security",,http://www.dronefence.de,Less than $1M,,,,Early Stage Venture,1,,3,,"Boundary Holding, Larnabel Ventures, Rajat Khare","509,796"
Seed Round - Dropslab,https://www.crunchbase.com/funding_round/dropslab-technologies-seed--22eecd2d,Dropslab,https://www.crunchbase.com/organization/dropslab-technologies,Seed,"Aachen, Nordrhein-Westfalen, Germany, Europe",100000,EUR,101775,2022-08-17,Seed,1328571,EUR,1352159,Yes,Dropslab provides a SaaS platform for AR-based assistance services.,"Apps, Information Technology, Software",,https://dropslab.com,Less than $1M,100000,EUR,101775,Seed,1,gener8tor,2,2,"gener8tor, Right Side Capital Management","130,832"
Seed Round - Ducktrain,https://www.crunchbase.com/funding_round/ducktrain-seed--f7d76766,Ducktrain,https://www.crunchbase.com/organization/ducktrain,Seed,"Aachen, Nordrhein-Westfalen, Germany, Europe",,,,2021-01-13,Seed,,,,Yes,Ducktrain provides vehicle platforms and automation technology that will change urban and industrial logistics.,"Automotive, Autonomous Vehicles, Delivery Service, Electric Vehicle, Food Delivery, Freight Service, Last Mile Transportation, Logistics, Transportation",,https://www.ducktrain.io/,$1M to $10M,4000000,EUR,4509202,Seed,3,"EIT InnoEnergy, kopa ventures",2,1,"EIT InnoEnergy, kopa ventures","89,196"
Seed Round - Ducktrain,https://www.crunchbase.com/funding_round/ducktrain-seed--07ae9c6c,Ducktrain,https://www.crunchbase.com/organization/ducktrain,Seed,"Aachen, Nordrhein-Westfalen, Germany, Europe",4000000,EUR,4509202,2021-12-07,Seed,,,,Yes,Ducktrain provides vehicle platforms and automation technology that will change urban and industrial logistics.,"Automotive, Autonomous Vehicles, Delivery Service, Electric Vehicle, Food Delivery, Freight Service, Last Mile Transportation, Logistics, Transportation",,https://www.ducktrain.io/,$1M to $10M,4000000,EUR,4509202,Seed,3,,5,,"be-exponential, Earlybird Venture Capital, EIT InnoEnergy, kopa ventures, NRW.BANK","483,771"
Convertible Note - Ducktrain,https://www.crunchbase.com/funding_round/ducktrain-convertible-note--1aed91ad,Ducktrain,https://www.crunchbase.com/organization/ducktrain,Convertible Note,"Aachen, Nordrhein-Westfalen, Germany, Europe",,,,2019-08-27,,,,,No,Ducktrain provides vehicle platforms and automation technology that will change urban and industrial logistics.,"Automotive, Autonomous Vehicles, Delivery Service, Electric Vehicle, Food Delivery, Freight Service, Last Mile Transportation, Logistics, Transportation",,https://www.ducktrain.io/,$1M to $10M,4000000,EUR,4509202,Seed,3,,2,1,"5P Capital, Plug and Play","389,655"
Pre Seed Round - E-LLOYD,https://www.crunchbase.com/funding_round/e-lloyd-pre-seed--349f0176,E-LLOYD,https://www.crunchbase.com/organization/e-lloyd,Pre-Seed,"Aachen, Nordrhein-Westfalen, Germany, Europe",30000,EUR,33657,2020-01-01,Seed,,,,Yes,Technology and service provider for equipping (commercial) ships and ferries with electric powertrains.,Marine Technology,,http://e-lloyd.com/,,30000,EUR,33657,Seed,1,,1,,EXIST,"101,502"
Series B - e.GO Mobile,https://www.crunchbase.com/funding_round/e-go-mobile-series-b--6f2df66c,e.GO Mobile,https://www.crunchbase.com/organization/e-go-mobile,Series B,"Aachen, Nordrhein-Westfalen, Germany, Europe",30000000,EUR,36473809,2021-02-25,Early Stage Venture,,,,Yes,e.GO Mobile AG develops and produces electronic vehicles.,"Automotive, Electric Vehicle, Sustainability, Transportation",,http://e-go-mobile.com/en/,$10M to $50M,168473809,USD,168473809,M&A,3,,3,,"Alejandro Agag, Edward Norton, Moore Strategic Ventures","328,755"
Series C - e.GO Mobile,https://www.crunchbase.com/funding_round/e-go-mobile-series-c--7217f1cf,e.GO Mobile,https://www.crunchbase.com/organization/e-go-mobile,Series C,"Aachen, Nordrhein-Westfalen, Germany, Europe",57000000,USD,57000000,2021-08-26,Late Stage Venture,,,,Yes,e.GO Mobile AG develops and produces electronic vehicles.,"Automotive, Electric Vehicle, Sustainability, Transportation",,http://e-go-mobile.com/en/,$10M to $50M,168473809,USD,168473809,M&A,3,nd Industrial Investments BV,1,,nd Industrial Investments BV,"331,198"
Pre Seed Round - Eldertech,https://www.crunchbase.com/funding_round/eldertech-pre-seed--39d0db24,Eldertech,https://www.crunchbase.com/organization/eldertech,Pre-Seed,"Aachen, Nordrhein-Westfalen, Germany, Europe",25000,EUR,27357,2022-03-14,Seed,,,,Yes,Pflegende können durch Cloudbasierte Vernetzung von Hilfsmitteln und Videokommunikation aus der Ferne per App Unterstützung leisten.,"Apps, Elder Care, Smart Home",,https://eldertech.de/,,25000,EUR,27357,Seed,1,,1,,TK-Solutions,"146,593"
Seed Round - Elevear,https://www.crunchbase.com/funding_round/elevear-seed--a369b933,Elevear,https://www.crunchbase.com/organization/elevear,Seed,"Aachen, Nordrhein-Westfalen, Germany, Europe",,,,2023-07-24,Seed,,,,Yes,We develop breakthrough audio technologies for your hearables.,"Apps, Audio, Augmented Reality, Virtual Reality",,https://elevear-tech.com,,,,,Seed,1,TechVision Fund,1,,TechVision Fund,"44,087"
Seed Round - emteria,https://www.crunchbase.com/funding_round/emteria-seed--ebfe6414,emteria,https://www.crunchbase.com/organization/emteria,Seed,"Aachen, Nordrhein-Westfalen, Germany, Europe",1500000,USD,1500000,2020-05-13,Seed,,,,Yes,Emteria is the solution for all Android™ OS customization and maintenance needs.,"Android, Electronics, Embedded Systems, Information Technology, Software",,https://emteria.com/,$1M to $10M,1500000,USD,1500000,Seed,2,,2,1,"HTGF | High-Tech Gruenderfonds, Runa Capital","149,910"
Pre Seed Round - EnergyCortex,https://www.crunchbase.com/funding_round/energycortex-pre-seed--65753a4f,EnergyCortex,https://www.crunchbase.com/organization/energycortex,Pre-Seed,"Aachen, Nordrhein-Westfalen, Germany, Europe",30000,EUR,34385,2019-01-01,Seed,,,,Yes,EnergyCortex provides an AI-powered software-as-a-service platform for energy data analytics.,,,https://www.energycortex.com/,,30000,EUR,34385,Seed,1,,1,,EXIST,"571,362"
Seed Round - ENLYZE,https://www.crunchbase.com/funding_round/enlyze-seed--ea74f8a4,ENLYZE,https://www.crunchbase.com/organization/enlyze,Seed,"Aachen, Nordrhein-Westfalen, Germany, Europe",,,,2022-06-08,Seed,,,,Yes,ENLYZE focuses on OEE optimization for manufacturing companies with a special emphasis on performance and quality.,"Industrial Automation, Software",,https://enlyze.com/,$1M to $10M,2200000,EUR,2449616,Seed,3,,1,,vent.io,"128,991"
Seed Round - ENLYZE,https://www.crunchbase.com/funding_round/enlyze-seed--840c24ed,ENLYZE,https://www.crunchbase.com/organization/enlyze,Seed,"Aachen, Nordrhein-Westfalen, Germany, Europe",2200000,EUR,2449616,2020-01-13,Seed,,,,Yes,ENLYZE focuses on OEE optimization for manufacturing companies with a special emphasis on performance and quality.,"Industrial Automation, Software",,https://enlyze.com/,$1M to $10M,2200000,EUR,2449616,Seed,3,,2,,"42CAP, PROfounders Capital","408,713"
Seed Round - ENLYZE,https://www.crunchbase.com/funding_round/enlyze-seed--24f67c6f,ENLYZE,https://www.crunchbase.com/organization/enlyze,Seed,"Aachen, Nordrhein-Westfalen, Germany, Europe",,,,2019-04-05,Seed,,,,Yes,ENLYZE focuses on OEE optimization for manufacturing companies with a special emphasis on performance and quality.,"Industrial Automation, Software",,https://enlyze.com/,$1M to $10M,2200000,EUR,2449616,Seed,3,Agile Accelerator,1,,Agile Accelerator,"643,658"
Seed Round - Enua,https://www.crunchbase.com/funding_round/enua-seed--86cba89b,Enua,https://www.crunchbase.com/organization/enua,Seed,"Aachen, Nordrhein-Westfalen, Germany, Europe",,,,2021-08-01,Seed,,,,Yes,Enua is a wholesale company that produces pharmaceutical-grade medical cannabis products.,"Manufacturing, Medical, Pharmaceutical, Therapeutics, Wholesale",,https://enua.de/en/,,,,,Seed,1,,2,,"Feliks Eyser, Kyan Noack","119,786"
Series B - FibreCoat,https://www.crunchbase.com/funding_round/fibrecoat-gmbh-series-b--3ac9ffdb,FibreCoat,https://www.crunchbase.com/organization/fibrecoat-gmbh,Series B,"Aachen, Nordrhein-Westfalen, Germany, Europe",20000000,EUR,20976718,2024-12-04,Early Stage Venture,,,,Yes,FibreCoat produces thermoplastic-coated fibres for composites and aluminium-coated fibres for shielding applications.,"Advanced Materials, Automotive, Industrial Engineering, Manufacturing, Military",,https://www.fibrecoat.de/,$1M to $10M,25313071,USD,25313071,Early Stage Venture,4,212 NexT,7,2,"212 NexT, Convergent Ventures, GOOSE Capital, NewSpace Capital, Otto Krahn New Business, Saint-Gobain NOVA, TiE Angels",115
Pre Seed Round - FibreCoat,https://www.crunchbase.com/funding_round/fibrecoat-gmbh-pre-seed--8c491961,FibreCoat,https://www.crunchbase.com/organization/fibrecoat-gmbh,Pre-Seed,"Aachen, Nordrhein-Westfalen, Germany, Europe",1180000,EUR,1336353,2018-11-15,Seed,,,,Yes,FibreCoat produces thermoplastic-coated fibres for composites and aluminium-coated fibres for shielding applications.,"Advanced Materials, Automotive, Industrial Engineering, Manufacturing, Military",,https://www.fibrecoat.de/,$1M to $10M,25313071,USD,25313071,Early Stage Venture,4,,1,,EXIST,"130,922"
Series A - FibreCoat,https://www.crunchbase.com/funding_round/fibrecoat-gmbh-series-a--4b811a8d,FibreCoat,https://www.crunchbase.com/organization/fibrecoat-gmbh,Series A,"Aachen, Nordrhein-Westfalen, Germany, Europe",3000000,USD,3000000,2021-10-21,Early Stage Venture,,,,Yes,FibreCoat produces thermoplastic-coated fibres for composites and aluminium-coated fibres for shielding applications.,"Advanced Materials, Automotive, Industrial Engineering, Manufacturing, Military",,https://www.fibrecoat.de/,$1M to $10M,25313071,USD,25313071,Early Stage Venture,4,GOOSE Capital,5,1,"b.value AG, GOOSE Capital, Phoenix Venture Partners, Saint-Gobain NOVA, TiE Angels","236,109"
Seed Round - gemineers,https://www.crunchbase.com/funding_round/gemineers-seed--eac4abad,gemineers,https://www.crunchbase.com/organization/gemineers,Seed,"Aachen, Nordrhein-Westfalen, Germany, Europe",,,,2023-06-06,Seed,,,,Yes,gemineers is a forward-thinking start-up that specialises in digital twin solutions for the machining sector.,"Machinery Manufacturing, Manufacturing",,https://www.gemineers.com,,,,,Seed,1,,,,,"124,195"
Seed Round - Gridhound,https://www.crunchbase.com/funding_round/gridhound-ug-seed--4f37a02b,Gridhound,https://www.crunchbase.com/organization/gridhound-ug,Seed,"Aachen, Nordrhein-Westfalen, Germany, Europe",,,,2017-08-01,Seed,,,,Yes,"Digitalization, Data Analytics and affordable AI-based State Estimation for Distribution Grids","Analytics, Artificial Intelligence (AI), Asset Management, Electrical Distribution, Energy Efficiency, Energy Management, Power Grid, Software",,https://www.gridhound.de,$1M to $10M,,,,Seed,2,Agile Accelerator,1,,Agile Accelerator,"304,095"
Seed Round - Gridhound,https://www.crunchbase.com/funding_round/gridhound-ug-seed--faf99d19,Gridhound,https://www.crunchbase.com/organization/gridhound-ug,Seed,"Aachen, Nordrhein-Westfalen, Germany, Europe",,,,2019-05-01,Seed,,,,Yes,"Digitalization, Data Analytics and affordable AI-based State Estimation for Distribution Grids","Analytics, Artificial Intelligence (AI), Asset Management, Electrical Distribution, Energy Efficiency, Energy Management, Power Grid, Software",,https://www.gridhound.de,$1M to $10M,,,,Seed,2,,,,,"568,440"
Grant - gridX,https://www.crunchbase.com/funding_round/gridx-2-grant--576b0acf,gridX,https://www.crunchbase.com/organization/gridx-2,Grant,"Aachen, Nordrhein-Westfalen, Germany, Europe",50000,EUR,59465,2017-12-01,,,,,No,gridX develops IoT-Solutions for the energy sector.,"Energy, Internet of Things, Renewable Energy",,https://www.gridX.ai,$1M to $10M,50000,EUR,59465,M&A,3,EASME,1,,EASME,"247,044"
Series A - gridX,https://www.crunchbase.com/funding_round/gridx-2-series-a--fb1a2dba,gridX,https://www.crunchbase.com/organization/gridx-2,Series A,"Aachen, Nordrhein-Westfalen, Germany, Europe",,,,2018-03-22,Early Stage Venture,,,,Yes,gridX develops IoT-Solutions for the energy sector.,"Energy, Internet of Things, Renewable Energy",,https://www.gridX.ai,$1M to $10M,50000,EUR,59465,M&A,3,Future Energy Ventures,4,1,"coparion, Future Energy Ventures, Gabor Cselle, Vito One","347,899"
Seed Round - gridX,https://www.crunchbase.com/funding_round/gridx-2-seed--f107bde9,gridX,https://www.crunchbase.com/organization/gridx-2,Seed,"Aachen, Nordrhein-Westfalen, Germany, Europe",,,,2017-02-01,Seed,,,,Yes,gridX develops IoT-Solutions for the energy sector.,"Energy, Internet of Things, Renewable Energy",,https://www.gridX.ai,$1M to $10M,50000,EUR,59465,M&A,3,,2,,"Gabor Cselle, Vito One","559,653"
Seed Round - hbox,https://www.crunchbase.com/funding_round/hbox-seed--de5e99f7,hbox,https://www.crunchbase.com/organization/hbox,Seed,"Aachen, Nordrhein-Westfalen, Germany, Europe",2300000,EUR,2439242,2023-02-22,Seed,,,,Yes,HBOX Therapies develops therapies based on the principle of minimally invasive targeted hyperoxygenation.,Health Care,,https://www.hbox-therapies.com,$1M to $10M,2300000,EUR,2439242,Seed,1,TechVision Fund,3,2,"Dr. Peter Borges, HTGF | High-Tech Gruenderfonds, TechVision Fund","19,049"
Series B - Hemovent,https://www.crunchbase.com/funding_round/hemovent-series-b--3cfd09b3,Hemovent,https://www.crunchbase.com/organization/hemovent,Series B,"Aachen, Nordrhein-Westfalen, Germany, Europe",5200000,USD,5200000,2019-02-14,Early Stage Venture,,,,Yes,​​​Hemovent is an emerging medical device company that has developed disruptive technology.,"Biotechnology, Health Care, Medical, Medical Device",,http://www.hemovent.com/,$1M to $10M,13528904,USD,13528904,M&A,3,,,,,"543,922"
Series A - Hemovent,https://www.crunchbase.com/funding_round/hemovent-series-a--e9920b42,Hemovent,https://www.crunchbase.com/organization/hemovent,Series A,"Aachen, Nordrhein-Westfalen, Germany, Europe",2000000,EUR,2328904,2017-07-25,Early Stage Venture,,,,Yes,​​​Hemovent is an emerging medical device company that has developed disruptive technology.,"Biotechnology, Health Care, Medical, Medical Device",,http://www.hemovent.com/,$1M to $10M,13528904,USD,13528904,M&A,3,,4,,"KfW, MIG Capital, NRW.BANK, Seed Fonds Aachen","554,708"
Seed Round - Incirt,https://www.crunchbase.com/funding_round/incirt-seed--540a7bd6,Incirt,https://www.crunchbase.com/organization/incirt,Seed,"Aachen, Nordrhein-Westfalen, Germany, Europe",,,,2022-10-25,Seed,,,,Yes,"Incirt develops technological breakthroughs for ultrafast wireless communication in 5G, 5G Advanced and future 6G networks.","Communications Infrastructure, Wireless",,https://www.incirt.de/home.html,,,,,Seed,1,,1,1,HTGF | High-Tech Gruenderfonds,"17,584"
Seed Round - Innoloft,https://www.crunchbase.com/funding_round/innoloft-seed--72c5edf5,Innoloft,https://www.crunchbase.com/organization/innoloft,Seed,"Aachen, Nordrhein-Westfalen, Germany, Europe",,,,2024-05-08,Seed,,,,Yes,"We make coding as easy as PowerPoint! Innoloft offers LoftOS, a no-code development platform enabling everyone to build web applications.","B2B, SaaS, Software",,https://innoloft.com,$1M to $10M,1000000,EUR,1083799,Seed,3,Capital Mills,1,1,Capital Mills,"28,289"
Seed Round - Innoloft,https://www.crunchbase.com/funding_round/innoloft-seed--f2dff6f0,Innoloft,https://www.crunchbase.com/organization/innoloft,Seed,"Aachen, Nordrhein-Westfalen, Germany, Europe",,,,2022-12-19,Seed,,,,Yes,"We make coding as easy as PowerPoint! Innoloft offers LoftOS, a no-code development platform enabling everyone to build web applications.","B2B, SaaS, Software",,https://innoloft.com,$1M to $10M,1000000,EUR,1083799,Seed,3,,1,,Lakeside Invest & Consult,"216,714"
Seed Round - Innoloft,https://www.crunchbase.com/funding_round/innoloft-seed--b79f578e,Innoloft,https://www.crunchbase.com/organization/innoloft,Seed,"Aachen, Nordrhein-Westfalen, Germany, Europe",1000000,EUR,1083799,2023-05-17,Seed,,,,Yes,"We make coding as easy as PowerPoint! Innoloft offers LoftOS, a no-code development platform enabling everyone to build web applications.","B2B, SaaS, Software",,https://innoloft.com,$1M to $10M,1000000,EUR,1083799,Seed,3,,3,,"Cohors Fortuna Capital, Conenergy AG, Mosel Ventures","326,642"
Seed Round - Innsystec,https://www.crunchbase.com/funding_round/innsystec-seed--6209f59c,Innsystec,https://www.crunchbase.com/organization/innsystec,Seed,"Aachen, Nordrhein-Westfalen, Germany, Europe",,,,2017-06-07,Seed,,,,Yes,Hardware Software,,,,,,,,Seed,1,Seed Fonds Aachen,1,1,Seed Fonds Aachen,"404,943"
Seed Round - IonKraft,https://www.crunchbase.com/funding_round/ionkraft-seed--0ac924c5,IonKraft,https://www.crunchbase.com/organization/ionkraft,Seed,"Aachen, Nordrhein-Westfalen, Germany, Europe",3500000,EUR,3698326,2024-11-18,Seed,,,,Yes,"IonKraft can provide better performance at a lower cost while maintaining recyclability, they also promote material reduction and reuse.",Machinery Manufacturing,,https://ionkraft.com,$1M to $10M,5999438,EUR,6350829,Seed,2,"M Ventures, TechVision Fund",3,3,"HTGF | High-Tech Gruenderfonds, M Ventures, TechVision Fund","1,307"
Grant - IonKraft,https://www.crunchbase.com/funding_round/ionkraft-grant--57fb334c,IonKraft,https://www.crunchbase.com/organization/ionkraft,Grant,"Aachen, Nordrhein-Westfalen, Germany, Europe",2499438,EUR,2652503,2022-12-19,,,,,No,"IonKraft can provide better performance at a lower cost while maintaining recyclability, they also promote material reduction and reuse.",Machinery Manufacturing,,https://ionkraft.com,$1M to $10M,5999438,EUR,6350829,Seed,2,European Innovation Council,1,,European Innovation Council,"166,920"
Grant - is it fresh,https://www.crunchbase.com/funding_round/is-it-fresh-gmbh-grant--b2532563,is it fresh,https://www.crunchbase.com/organization/is-it-fresh-gmbh,Grant,"Aachen, Nordrhein-Westfalen, Germany, Europe",1924510,EUR,2245610,2018-06-01,,,,,No,"is it fresh is a research center in areas such as nanotechnology, material science, biomedical, and quantum-information related technology.","Biotechnology, Hardware, Internet of Things, NFC",,http://www.is-it-fresh.com/,$1M to $10M,1924510,EUR,2245610,,1,,1,,EASME,"487,049"
Private Equity Round - Magritek Ltd,https://www.crunchbase.com/funding_round/magritek-ltd-private-equity--269d065a,Magritek Ltd,https://www.crunchbase.com/organization/magritek-ltd,Private Equity,"Aachen, Nordrhein-Westfalen, Germany, Europe",,,,2021-03-18,Private Equity,,,,Yes,Magritek is a manufacturer of cryogen-free benchtop nuclear magnetic resonance products.,"Information Technology, Telecommunications",,http://www.magritek.com,Less than $1M,,,,Private Equity,1,Ampersand Capital Partners,1,1,Ampersand Capital Partners,"174,113"
Seed Round - MANSIO,https://www.crunchbase.com/funding_round/mansio-4efe-seed--f2387564,MANSIO,https://www.crunchbase.com/organization/mansio-4efe,Seed,"Aachen, Nordrhein-Westfalen, Germany, Europe",,,,2024-02-19,Seed,,,,Yes,SaaS for logistics industry,"IT Management, Logistics, SaaS, Software, Transportation",,https://www.mansio-logistics.com,,,,,Seed,1,,,,,"79,599"
Seed Round - Medical Magnesium,https://www.crunchbase.com/funding_round/medical-magnesium-seed--37ad7fd3,Medical Magnesium,https://www.crunchbase.com/organization/medical-magnesium,Seed,"Aachen, Nordrhein-Westfalen, Germany, Europe",700000,USD,700000,2017-04-28,Seed,,,,Yes,Medical Magnesium develops metallic bioabsorbable implants for  orthopaedic and trauma surgical operative therapy.,"Health Care, Life Science",,http://www.medical-magnesium.com/en/,$1M to $10M,700000,USD,700000,Seed,2,,3,,"Elevate Capital, Rice University, TiE Angels","530,875"
Seed Round - MOQO,https://www.crunchbase.com/funding_round/moqo-seed--8d7948f6,MOQO,https://www.crunchbase.com/organization/moqo,Seed,"Aachen, Nordrhein-Westfalen, Germany, Europe",,,,2017-01-01,Seed,,,,Yes,MOQO is the cloud based platform enabling everyone to offer shared mobility services.,"Cloud Computing, Cloud Infrastructure",,https://moqo.de/en,Less than $1M,,,,Seed,3,,1,,KIZOO Technology Capital,"285,887"
Seed Round - MOQO,https://www.crunchbase.com/funding_round/moqo-seed--5b3a7e9e,MOQO,https://www.crunchbase.com/organization/moqo,Seed,"Aachen, Nordrhein-Westfalen, Germany, Europe",,,,2018-10-23,Seed,,,,Yes,MOQO is the cloud based platform enabling everyone to offer shared mobility services.,"Cloud Computing, Cloud Infrastructure",,https://moqo.de/en,Less than $1M,,,,Seed,3,TechVision Fund,2,1,"KIZOO Technology Capital, TechVision Fund","315,058"
Seed Round - MOQO,https://www.crunchbase.com/funding_round/moqo-seed--6e5a6c11,MOQO,https://www.crunchbase.com/organization/moqo,Seed,"Aachen, Nordrhein-Westfalen, Germany, Europe",,,,2019-01-17,Seed,,,,Yes,MOQO is the cloud based platform enabling everyone to offer shared mobility services.,"Cloud Computing, Cloud Infrastructure",,https://moqo.de/en,Less than $1M,,,,Seed,3,Agile Accelerator,1,,Agile Accelerator,"678,383"
Pre Seed Round - Mosaeek,https://www.crunchbase.com/funding_round/mosaeek-ef39-pre-seed--29dfe417,Mosaeek,https://www.crunchbase.com/organization/mosaeek-ef39,Pre-Seed,"Aachen, Nordrhein-Westfalen, Germany, Europe",30000,USD,30000,2021-01-01,Seed,,,,Yes,Mosaeek is a bi-directional video communication platform.,"Video, Web Apps",,https://mosaeek.com,,30000,USD,30000,Seed,1,,1,,EXIST,"120,977"
Pre Seed Round - Mysoons,https://www.crunchbase.com/funding_round/mysoons-pre-seed--c5f4efc4,Mysoons,https://www.crunchbase.com/organization/mysoons,Pre-Seed,"Aachen, Nordrhein-Westfalen, Germany, Europe",,,,2021-08-08,Seed,,,,Yes,E-Commerce Service,"E-Commerce, Information Technology, Warehousing",,https://www.mysoons.de/,,,,,Seed,1,,,,,"114,013"
Series E - navabi,https://www.crunchbase.com/funding_round/navabi-series-e--93587956,navabi,https://www.crunchbase.com/organization/navabi,Series E,"Aachen, Nordrhein-Westfalen, Germany, Europe",,,,2018-03-01,Late Stage Venture,,,,Yes,navabi is the premier destination for plus size fashion worldwide.,"E-Commerce, Fashion, Retail",,http://www.navabi.co.uk,$10M to $50M,34609089,USD,34609089,M&A,6,Verdane,1,1,Verdane,"294,582"
Series F - navabi,https://www.crunchbase.com/funding_round/navabi-series-f--eb1247cb,navabi,https://www.crunchbase.com/organization/navabi,Series F,"Aachen, Nordrhein-Westfalen, Germany, Europe",,,,2019-07-04,Late Stage Venture,,,,Yes,navabi is the premier destination for plus size fashion worldwide.,"E-Commerce, Fashion, Retail",,http://www.navabi.co.uk,$10M to $50M,34609089,USD,34609089,M&A,6,SevenVentures,1,1,SevenVentures,"399,445"
Grant - nevisQ,https://www.crunchbase.com/funding_round/nevisq-grant--fed2ce35,nevisQ,https://www.crunchbase.com/organization/nevisq,Grant,"Aachen, Nordrhein-Westfalen, Germany, Europe",,,,2019-09-04,,,,,No,Innovative solutions for fall prevention and fall detection in nursing care facilities,"Assisted Living, Elder Care, Hardware, Health Care, Home Health Care, Internet of Things, Nursing and Residential Care, Software",,https://www.nevisq.com,,175000,EUR,194872,Early Stage Venture,5,European Data Incubator,1,,European Data Incubator,"229,970"
Grant - nevisQ,https://www.crunchbase.com/funding_round/nevisq-grant--cd3c92e4,nevisQ,https://www.crunchbase.com/organization/nevisq,Grant,"Aachen, Nordrhein-Westfalen, Germany, Europe",50000,EUR,59056,2017-08-01,,,,,No,Innovative solutions for fall prevention and fall detection in nursing care facilities,"Assisted Living, Elder Care, Hardware, Health Care, Home Health Care, Internet of Things, Nursing and Residential Care, Software",,https://www.nevisq.com,,175000,EUR,194872,Early Stage Venture,5,EIT Health,1,,EIT Health,"441,597"
Series A - nevisQ,https://www.crunchbase.com/funding_round/nevisq-series-a--ae8483af,nevisQ,https://www.crunchbase.com/organization/nevisq,Series A,"Aachen, Nordrhein-Westfalen, Germany, Europe",,,,2020-01-10,Early Stage Venture,,,,Yes,Innovative solutions for fall prevention and fall detection in nursing care facilities,"Assisted Living, Elder Care, Hardware, Health Care, Home Health Care, Internet of Things, Nursing and Residential Care, Software",,https://www.nevisq.com,,175000,EUR,194872,Early Stage Venture,5,Schürfeld Group,1,,Schürfeld Group,"389,202"
Seed Round - nevisQ,https://www.crunchbase.com/funding_round/nevisq-seed--7589eaf0,nevisQ,https://www.crunchbase.com/organization/nevisq,Seed,"Aachen, Nordrhein-Westfalen, Germany, Europe",,,,2017-06-15,Seed,,,,Yes,Innovative solutions for fall prevention and fall detection in nursing care facilities,"Assisted Living, Elder Care, Hardware, Health Care, Home Health Care, Internet of Things, Nursing and Residential Care, Software",,https://www.nevisq.com,,175000,EUR,194872,Early Stage Venture,5,,,,,"333,673"
Pre Seed Round - O11 biomedical,https://www.crunchbase.com/funding_round/o11-biomedical-pre-seed--e553718c,O11 biomedical,https://www.crunchbase.com/organization/o11-biomedical,Pre-Seed,"Aachen, Nordrhein-Westfalen, Germany, Europe",,,,2024-02-28,Seed,,,,Yes,O11 Biomedical is a spin-off of RWTH Aachen University's Institute.,"Medical, Medical Device",,https://www.o11-biomedical.com,,,,,Seed,1,EIC Accelerator,1,,EIC Accelerator,"64,443"
Post-IPO Equity - Paion,https://www.crunchbase.com/funding_round/paion-ag-post-ipo-equity--0949b7ad,Paion,https://www.crunchbase.com/organization/paion-ag,Post-IPO Equity,"Aachen, Nordrhein-Westfalen, Germany, Europe",5200000,EUR,6062874,2018-07-03,,,,,Yes,PAION is a biopharmaceutical company developing and commercializing drug candidates for diseases with substantial unmet medical needs.,"Biotechnology, Health Care, Pharmaceutical",,http://www.paion.com,$10M to $50M,41114269,USD,41114269,IPO,9,,,,,"552,690"
Post-IPO Equity - Paion,https://www.crunchbase.com/funding_round/paion-ag-post-ipo-equity--5692fc62,Paion,https://www.crunchbase.com/organization/paion-ag,Post-IPO Equity,"Aachen, Nordrhein-Westfalen, Germany, Europe",8000000,EUR,9178596,2017-07-17,,,,,Yes,PAION is a biopharmaceutical company developing and commercializing drug candidates for diseases with substantial unmet medical needs.,"Biotechnology, Health Care, Pharmaceutical",,http://www.paion.com,$10M to $50M,41114269,USD,41114269,IPO,9,,,,,"646,338"
Pre Seed Round - Pangea Technology,https://www.crunchbase.com/funding_round/pangea-technology-pre-seed--993de841,Pangea Technology,https://www.crunchbase.com/organization/pangea-technology,Pre-Seed,"Aachen, Nordrhein-Westfalen, Germany, Europe",,,,2019-03-12,Seed,,,,Yes,Pangea Technology is an app for hiring remote IT talent.,"Information Technology, Software",,https://www.pangea-technology.com,$1M to $10M,,,,Seed,1,,,,,"271,059"
Pre Seed Round - peers.,https://www.crunchbase.com/funding_round/peers-8e55-pre-seed--fd3e9871,peers.,https://www.crunchbase.com/organization/peers-8e55,Pre-Seed,"Aachen, Nordrhein-Westfalen, Germany, Europe",,,,2021-09-01,Seed,,,,Yes,peers offers digital mental health platform.,"Health Care, Mental Health",,https://www.hellopeers.de,,,,,Seed,1,,3,,"APX, BackBone Ventures, Barmenia Next Strategies","169,636"
Series A - PL BioScience,https://www.crunchbase.com/funding_round/pl-bioscience-series-a--52539017,PL BioScience,https://www.crunchbase.com/organization/pl-bioscience,Series A,"Aachen, Nordrhein-Westfalen, Germany, Europe",7800000,EUR,8513704,2024-08-08,Early Stage Venture,,,,Yes,We deliver advanced 2D and 3D cell culture solutions based on human Platelet Lysate,"Biotechnology, Health Care",,https://www.pl-bioscience.com/,$1M to $10M,11500000,EUR,13045646,Early Stage Venture,2,,6,,"Avant Bio, b.value AG, better ventures, Brightlands Venture Partners, LePure Biotech, TechVision Fund","8,623"
Seed Round - PL BioScience,https://www.crunchbase.com/funding_round/pl-bioscience-seed--0a894bb8,PL BioScience,https://www.crunchbase.com/organization/pl-bioscience,Seed,"Aachen, Nordrhein-Westfalen, Germany, Europe",3700000,EUR,4531942,2021-05-25,Seed,,,,Yes,We deliver advanced 2D and 3D cell culture solutions based on human Platelet Lysate,"Biotechnology, Health Care",,https://www.pl-bioscience.com/,$1M to $10M,11500000,EUR,13045646,Early Stage Venture,2,TechVision Fund,1,,TechVision Fund,"372,397"
Pre Seed Round - ProcessM,https://www.crunchbase.com/funding_round/processm-pre-seed--c5c65273,ProcessM,https://www.crunchbase.com/organization/processm,Pre-Seed,"Aachen, Nordrhein-Westfalen, Germany, Europe",30000,EUR,35232,2020-10-01,Seed,,,,Yes,ProcessM provides process mining tools for microsoft power BI users.,"Business Intelligence, Data Integration, Mining Technology",,https://processm.com/,,30000,EUR,35232,Seed,1,,1,,EXIST,"106,820"
Series B - Protembis,https://www.crunchbase.com/funding_round/protembis-series-b--afacba94,Protembis,https://www.crunchbase.com/organization/protembis,Series B,"Aachen, Nordrhein-Westfalen, Germany, Europe",30000000,EUR,32497498,2024-03-26,Early Stage Venture,,,,Yes,Protembis is a medical device start-up company with its R&D base in the engineering and technology.,"Emergency Medicine, Health Care, Life Science, Medical Device, Personal Health",,http://www.protembis.com/,$1M to $10M,64148307,USD,64148307,Early Stage Venture,4,"Segulah Medical Acceleration, TechVision Fund, XGEN Venture",4,,"coparion, Segulah Medical Acceleration, TechVision Fund, XGEN Venture","15,700"
Series A - Protembis,https://www.crunchbase.com/funding_round/protembis-series-a--b8afcb00,Protembis,https://www.crunchbase.com/organization/protembis,Series A,"Aachen, Nordrhein-Westfalen, Germany, Europe",10000000,USD,10000000,2018-09-13,Early Stage Venture,,,,Yes,Protembis is a medical device start-up company with its R&D base in the engineering and technology.,"Emergency Medicine, Health Care, Life Science, Medical Device, Personal Health",,http://www.protembis.com/,$1M to $10M,64148307,USD,64148307,Early Stage Venture,4,"Abiomed, TechVision Fund",3,2,"Abiomed, coparion, TechVision Fund","598,857"
Grant - PyroScience,https://www.crunchbase.com/funding_round/pyroscience-grant--e580aa53,PyroScience,https://www.crunchbase.com/organization/pyroscience,Grant,"Aachen, Nordrhein-Westfalen, Germany, Europe",1746410,EUR,2048803,2018-07-20,,,,,No,PyroScience is a manufacturer of high-precision optical oxygen sensors based on unique optical detection techniques (REDFLASH technology). ,"Manufacturing, Medical Device, Sensor",,https://www.pyroscience.com/,$1M to $10M,1746410,EUR,2048803,,1,,1,,EASME,"660,490"
Grant - Regascold,https://www.crunchbase.com/funding_round/regascold-grant--61efe306,Regascold,https://www.crunchbase.com/organization/regascold,Grant,"Aachen, Nordrhein-Westfalen, Germany, Europe",424329,EUR,495422,2020-09-24,,,,,No,"At Regascold, we are offering sustainable cooling processes","Clean Energy, Energy Efficiency, Industrial Engineering, Manufacturing, Oil and Gas",,https://regascold.com/,,424329,EUR,495422,,1,,,,,"69,584"
Pre Seed Round - RemoteSolar GmbH,https://www.crunchbase.com/funding_round/remotesolar-gmbh-pre-seed--16d48910,RemoteSolar GmbH,https://www.crunchbase.com/organization/remotesolar-gmbh,Pre-Seed,"Aachen, Nordrhein-Westfalen, Germany, Europe",125000,USD,125000,2024-06-03,Seed,,,,Yes,RemoteSolar enables solar power for every household.,"Renewable Energy, Solar",,https://www.remotesolar.de,,125000,USD,125000,Seed,1,Norrsken Accelerator,1,,Norrsken Accelerator,"25,744"
Pre Seed Round - roofline,https://www.crunchbase.com/funding_round/roofline-6247-pre-seed--997f74ab,roofline,https://www.crunchbase.com/organization/roofline-6247,Pre-Seed,"Aachen, Nordrhein-Westfalen, Germany, Europe",,,,2024-06-01,Seed,,,,Yes,"On the mission to make AI deployment at the edge flexible, efficient, and easy.","Artificial Intelligence (AI), Machine Learning, Semiconductor, Software",,https://www.roofline.ai,,,,,Seed,1,First Momentum Ventures,1,,First Momentum Ventures,"50,989"
Grant - SAYM,https://www.crunchbase.com/funding_round/saym-grant--9d4307af,SAYM,https://www.crunchbase.com/organization/saym,Grant,"Aachen, Nordrhein-Westfalen, Germany, Europe",36000,EUR,38990,2020-02-14,,,,,No,The SAYM platform for swarm mobility defines the next generation of carpooling.,"Apps, B2B, B2C, Human Resources, Mobile Apps, Software",,https://www.saym.io/,,161000,EUR,179020,,2,Gründerstipendium.NRW,1,,Gründerstipendium.NRW,"154,494"
Grant - SAYM,https://www.crunchbase.com/funding_round/saym-grant--4cf70e32,SAYM,https://www.crunchbase.com/organization/saym,Grant,"Aachen, Nordrhein-Westfalen, Germany, Europe",125000,EUR,140030,2019-05-01,,,,,No,The SAYM platform for swarm mobility defines the next generation of carpooling.,"Apps, B2B, B2C, Human Resources, Mobile Apps, Software",,https://www.saym.io/,,161000,EUR,179020,,2,EXIST,1,,EXIST,"404,837"
Seed Round - ServiceOcean,https://www.crunchbase.com/funding_round/serviceocean-seed--fe41029a,ServiceOcean,https://www.crunchbase.com/organization/serviceocean,Seed,"Aachen, Nordrhein-Westfalen, Germany, Europe",,,,2020-01-15,Seed,,,,Yes,ServiceOcean provides call center software that solves the key challenges of accessibility for companies and their customers.,"Information Services, Information Technology, Software",,https://www.serviceocean.com/,,,,,Seed,1,FortyOne Group,5,,"Five2Grow, FortyOne Group, MS Direct Group, Startfeld foundation, Stefan Loacker","92,535"
Seed Round - SONAH GmbH,https://www.crunchbase.com/funding_round/sonah-seed--a9fe4aa8,SONAH GmbH,https://www.crunchbase.com/organization/sonah,Seed,"Aachen, Nordrhein-Westfalen, Germany, Europe",35000,EUR,42508,2020-12-03,Seed,,,,Yes,SONAH developed a flexible embedded vision sensor that we install at building or streetlights to solve urban problems.,"Apps, Artificial Intelligence (AI), Computer Vision, Embedded Systems, Information Technology, Internet, Machine Learning, Parking, Smart Cities, Software",,http://www.sonah.tech,,60000,EUR,71890,Seed,3,,1,,TK-Solutions,"647,989"
Seed Round - SONAH GmbH,https://www.crunchbase.com/funding_round/sonah-seed--b18ac11e,SONAH GmbH,https://www.crunchbase.com/organization/sonah,Seed,"Aachen, Nordrhein-Westfalen, Germany, Europe",25000,EUR,29382,2021-08-24,Seed,,,,Yes,SONAH developed a flexible embedded vision sensor that we install at building or streetlights to solve urban problems.,"Apps, Artificial Intelligence (AI), Computer Vision, Embedded Systems, Information Technology, Internet, Machine Learning, Parking, Smart Cities, Software",,http://www.sonah.tech,,60000,EUR,71890,Seed,3,,1,,TK-Solutions,"648,988"
Seed Round - SparePartsNow,https://www.crunchbase.com/funding_round/sparepartsnow-seed--11acf31b,SparePartsNow,https://www.crunchbase.com/organization/sparepartsnow,Seed,"Aachen, Nordrhein-Westfalen, Germany, Europe",,,,2023-03-30,Seed,,,,Yes,SparePartsNow is a marketplace that sells industrial machine spare parts directly from suppliers.,"E-Commerce, Industrial, Marketplace",,https://www.sparepartsnow.de,,,,,Seed,1,,,,,"35,186"
Seed Round - Taxy.io,https://www.crunchbase.com/funding_round/taxy-io-seed--6314aec8,Taxy.io,https://www.crunchbase.com/organization/taxy-io,Seed,"Aachen, Nordrhein-Westfalen, Germany, Europe",,,,2020-12-18,Seed,,,,Yes,Taxy.io builds the leading platform for B2B tax automation,"FinTech, Legal Tech, Machine Learning, Software",,https://www.taxy.io/,$1M to $10M,,,,Seed,2,42CAP,3,2,"42CAP, Carcharodon Capital, TechVision Fund","136,253"
Pre Seed Round - Taxy.io,https://www.crunchbase.com/funding_round/taxy-io-pre-seed--7aa37504,Taxy.io,https://www.crunchbase.com/organization/taxy-io,Pre-Seed,"Aachen, Nordrhein-Westfalen, Germany, Europe",,,,2019-05-14,Seed,,,,Yes,Taxy.io builds the leading platform for B2B tax automation,"FinTech, Legal Tech, Machine Learning, Software",,https://www.taxy.io/,$1M to $10M,,,,Seed,2,TechVision Fund,2,,"NRW.BANK, TechVision Fund","532,386"
Pre Seed Round - Terranigma Solutions,https://www.crunchbase.com/funding_round/terranigma-solutions-pre-seed--661bf723,Terranigma Solutions,https://www.crunchbase.com/organization/terranigma-solutions,Pre-Seed,"Aachen, Nordrhein-Westfalen, Germany, Europe",30000,EUR,33152,2020-03-01,Seed,,,,Yes,We bring your geological understanding to the next level.,Machine Learning,,https://www.terranigma-solutions.com/,Less than $1M,30000,EUR,33152,Seed,1,,1,,EXIST,"158,176"
Grant - The Oater,https://www.crunchbase.com/funding_round/the-oater-grant--cc182801,The Oater,https://www.crunchbase.com/organization/the-oater,Grant,"Aachen, Nordrhein-Westfalen, Germany, Europe",75000,EUR,82876,2023-07-25,,,,,No,"A compact machine for local production of fresh oat milk that improves taste, lowers costs and reduces packaging and CO2 emissions.","Brewing, Food and Beverage, Manufacturing",,https://oater.de/,$1M to $10M,75000,EUR,82876,Seed,2,European Union,1,,European Union,"94,631"
Pre Seed Round - The Oater,https://www.crunchbase.com/funding_round/the-oater-pre-seed--607893cf,The Oater,https://www.crunchbase.com/organization/the-oater,Pre-Seed,"Aachen, Nordrhein-Westfalen, Germany, Europe",,,,2023-07-25,Seed,,,,Yes,"A compact machine for local production of fresh oat milk that improves taste, lowers costs and reduces packaging and CO2 emissions.","Brewing, Food and Beverage, Manufacturing",,https://oater.de/,$1M to $10M,75000,EUR,82876,Seed,2,Rüdiger Koppelmann,1,,Rüdiger Koppelmann,"273,119"
Pre Seed Round - Tool Detective,https://www.crunchbase.com/funding_round/tool-detective-pre-seed--b7c71e62,Tool Detective,https://www.crunchbase.com/organization/tool-detective,Pre-Seed,"Aachen, Nordrhein-Westfalen, Germany, Europe",,,,2022-05-11,Seed,,,,Yes,"Predictive maintenance for manufacturing industry checking metal cutting tool's wear, using a computer vision and deep learning.","Industrial Manufacturing, Machinery Manufacturing, Manufacturing",,https://home.tool-detective.com/company/about,,,,,Seed,2,Fraunhofer Venture,1,,Fraunhofer Venture,"18,827"
Pre Seed Round - Tool Detective,https://www.crunchbase.com/funding_round/tool-detective-pre-seed--5cbc836b,Tool Detective,https://www.crunchbase.com/organization/tool-detective,Pre-Seed,"Aachen, Nordrhein-Westfalen, Germany, Europe",,,,2022-12-20,Seed,,,,Yes,"Predictive maintenance for manufacturing industry checking metal cutting tool's wear, using a computer vision and deep learning.","Industrial Manufacturing, Machinery Manufacturing, Manufacturing",,https://home.tool-detective.com/company/about,,,,,Seed,2,Fraunhofer Venture,1,,Fraunhofer Venture,"443,492"
Venture Round - TRINKKOST GmbH,https://www.crunchbase.com/funding_round/trinkkost-gmbh-series-unknown--e0831e83,TRINKKOST GmbH,https://www.crunchbase.com/organization/trinkkost-gmbh,Venture - Series Unknown,"Aachen, Nordrhein-Westfalen, Germany, Europe",,,,2018-04-04,,,,,Yes,TRINKKOST is a food supplement manufacturing company that produces meal replacement products.,"Agriculture, Consumer Goods, Fitness, Food and Beverage, Health Care, Lifestyle, Retail",,http://www.trinkkost.de,Less than $1M,,,,,2,,1,,Business Angels Agentur Ruhr,"667,976"
Seed Round - TRINKKOST GmbH,https://www.crunchbase.com/funding_round/trinkkost-gmbh-seed--3c3d01af,TRINKKOST GmbH,https://www.crunchbase.com/organization/trinkkost-gmbh,Seed,"Aachen, Nordrhein-Westfalen, Germany, Europe",,,,2017-03-01,Seed,,,,Yes,TRINKKOST is a food supplement manufacturing company that produces meal replacement products.,"Agriculture, Consumer Goods, Fitness, Food and Beverage, Health Care, Lifestyle, Retail",,http://www.trinkkost.de,Less than $1M,,,,,2,ProSiebenSat.1 Accelerator,1,,ProSiebenSat.1 Accelerator,"403,535"
Seed Round - United Manufacturing Hub,https://www.crunchbase.com/funding_round/united-manufacturing-hub-seed--5c49e522,United Manufacturing Hub,https://www.crunchbase.com/organization/united-manufacturing-hub,Seed,"Aachen, Nordrhein-Westfalen, Germany, Europe",,,,2024-01-25,Seed,,,,Yes,"SaaS, IaaC, Open-Source","Enterprise Software, Internet of Things, SaaS, Software",,https://www.umh.app,$1M to $10M,,,,Seed,2,Freigeist Capital,2,,"DnA | Consulting and Venture Building, Freigeist Capital","70,192"
Pre Seed Round - valideffect,https://www.crunchbase.com/funding_round/valideffect-pre-seed--858df99a,valideffect,https://www.crunchbase.com/organization/valideffect,Pre-Seed,"Aachen, Nordrhein-Westfalen, Germany, Europe",,,,2020-07-01,Seed,,,,Yes,valideffect: SaaS platform for the digital assurance of personal industrial qualifications,"Industrial, Information Technology, Project Management, Quality Assurance, Software, Telecommunications",,https://valideffect.de/,,,,,Seed,1,,1,,EXIST,"339,903"
Seed Round - Vivalyx,https://www.crunchbase.com/funding_round/vivalyx-seed--e3ead33b,Vivalyx,https://www.crunchbase.com/organization/vivalyx,Seed,"Aachen, Nordrhein-Westfalen, Germany, Europe",5400000,EUR,5759681,2024-04-30,Seed,,,,Yes,Vivalyx is committed to saving the lives of organ failure patients by boosting the vitality and number of donor organs.,"Health Care, Manufacturing, Medical",,https://vivalyx.com,,6900000,EUR,7401498,Seed,3,TechVision Fund,7,1,"Arve Capital, Brightlands Venture Partners, GOOSE Capital, Leblon Capital, Springboard Health Angels, TechVision Fund, Yoni Goldwasser","23,048"
Pre Seed Round - Vivalyx,https://www.crunchbase.com/funding_round/vivalyx-pre-seed--8483efac,Vivalyx,https://www.crunchbase.com/organization/vivalyx,Pre-Seed,"Aachen, Nordrhein-Westfalen, Germany, Europe",1500000,EUR,1641817,2023-06-15,Seed,,,,Yes,Vivalyx is committed to saving the lives of organ failure patients by boosting the vitality and number of donor organs.,"Health Care, Manufacturing, Medical",,https://vivalyx.com,,6900000,EUR,7401498,Seed,3,,1,,Mario Götze,"216,263"
Series A - Voltfang,https://www.crunchbase.com/funding_round/voltfang-series-a--4b7dc986,Voltfang,https://www.crunchbase.com/organization/voltfang,Series A,"Aachen, Nordrhein-Westfalen, Germany, Europe",8000000,EUR,8821357,2024-10-04,Early Stage Venture,,,,Yes,Voltfang develops home storage solutions for private houses using recycled traction batteries.,"Battery, Energy Storage, Renewable Energy",,https://voltfang.de/,$10M to $50M,14050000,EUR,15498841,Early Stage Venture,7,FORWARD.one,8,4,"AENU, Aurum Impact, Daphni, FORWARD.one, Helen Ventures, Interzero, Maximilian Viessmann, PT1","3,790"
Grant - Voltfang,https://www.crunchbase.com/funding_round/voltfang-grant--ad41901b,Voltfang,https://www.crunchbase.com/organization/voltfang,Grant,"Aachen, Nordrhein-Westfalen, Germany, Europe",800000,EUR,882136,2024-10-04,,,,,No,Voltfang develops home storage solutions for private houses using recycled traction batteries.,"Battery, Energy Storage, Renewable Energy",,https://voltfang.de/,$10M to $50M,14050000,EUR,15498841,Early Stage Venture,7,,,,,"180,697"
Angel Round - Voltfang,https://www.crunchbase.com/funding_round/voltfang-angel--9f4e8df1,Voltfang,https://www.crunchbase.com/organization/voltfang,Angel,"Aachen, Nordrhein-Westfalen, Germany, Europe",,,,2022-03-15,Seed,,,,Yes,Voltfang develops home storage solutions for private houses using recycled traction batteries.,"Battery, Energy Storage, Renewable Energy",,https://voltfang.de/,$10M to $50M,14050000,EUR,15498841,Early Stage Venture,7,,5,,"Andy Booke, David Balensiefen, Gabor Cselle, Pirate Impact, Ralf Christian","490,660"
Convertible Note - Voltfang,https://www.crunchbase.com/funding_round/voltfang-convertible-note--3b8cedc4,Voltfang,https://www.crunchbase.com/organization/voltfang,Convertible Note,"Aachen, Nordrhein-Westfalen, Germany, Europe",,,,2021-07-15,,,,,No,Voltfang develops home storage solutions for private houses using recycled traction batteries.,"Battery, Energy Storage, Renewable Energy",,https://voltfang.de/,$10M to $50M,14050000,EUR,15498841,Early Stage Venture,7,,1,,Antonio Mesquida Kusters,"354,222"
Pre Seed Round - Voltfang,https://www.crunchbase.com/funding_round/voltfang-pre-seed--bc094ef7,Voltfang,https://www.crunchbase.com/organization/voltfang,Pre-Seed,"Aachen, Nordrhein-Westfalen, Germany, Europe",250000,EUR,303884,2021-01-01,Seed,,,,Yes,Voltfang develops home storage solutions for private houses using recycled traction batteries.,"Battery, Energy Storage, Renewable Energy",,https://voltfang.de/,$10M to $50M,14050000,EUR,15498841,Early Stage Venture,7,,,,,"624,917"
Pre Seed Round - Voltfang,https://www.crunchbase.com/funding_round/voltfang-pre-seed--c423c7a3,Voltfang,https://www.crunchbase.com/organization/voltfang,Pre-Seed,"Aachen, Nordrhein-Westfalen, Germany, Europe",,,,2022-02-22,Seed,,,,Yes,Voltfang develops home storage solutions for private houses using recycled traction batteries.,"Battery, Energy Storage, Renewable Energy",,https://voltfang.de/,$10M to $50M,14050000,EUR,15498841,Early Stage Venture,7,AENU,1,2,AENU,"634,666"
Seed Round - Voltfang,https://www.crunchbase.com/funding_round/voltfang-seed--ad23b027,Voltfang,https://www.crunchbase.com/organization/voltfang,Seed,"Aachen, Nordrhein-Westfalen, Germany, Europe",5000000,EUR,5491464,2023-05-10,Seed,,,,Yes,Voltfang develops home storage solutions for private houses using recycled traction batteries.,"Battery, Energy Storage, Renewable Energy",,https://voltfang.de/,$10M to $50M,14050000,EUR,15498841,Early Stage Venture,7,PT1,5,1,"AENU, Aurum Ventures, Eviny Ventures, Helen Ventures, PT1","661,490"
Seed Round - worqs Coworking,https://www.crunchbase.com/funding_round/cowork-ag-seed--b963d8b4,worqs Coworking,https://www.crunchbase.com/organization/cowork-ag,Seed,"Aachen, Nordrhein-Westfalen, Germany, Europe",,,,2019-01-04,Seed,,,,Yes,"Coworking, Flex Office","Commercial Real Estate, Coworking, Real Estate, Sharing Economy",,https://www.worqs.de,,,,,Seed,1,,1,,BLACK RHINO VENTURES,"635,860"