url,followers,following,tweets,account_created,account_age_days,tweet_activity,followers_max_growth,followers_max_loss,tweets_max_growth,tweets_max_loss,error
https://twitter.com/agrando,218,137,232,2017-02-03,2890,0.08,2,-3,0,0,
https://twitter.com/ariadne_maps,71,2,24,2019-09-06,1945,0.01,13,-1,0,0,
https://x.com/airup_official,13,0,0,2023-02-08,694,0.0,,,,,
https://twitter.com/alyne,901,1022,2047,2014-07-09,3830,0.53,44,-36,26,-7,
https://twitter.com/ampeerse?lang=en,77,150,164,2020-03-24,1745,0.09,10,-5,0,-2,
https://twitter.com/articly_app,43,27,73,2020-10-23,1532,0.05,2,-3,0,0,
https://twitter.com/banovo_de,75,177,204,2015-02-24,3600,0.06,3,-4,0,0,
https://twitter.com/3dTrust,269,346,248,2015-09-23,3389,0.07,2,-3,0,-2,
https://twitter.com/actyx,487,1,201,2015-10-01,3381,0.06,9,-9,4,-3,
https://www.twitter.com/bilendoapp,133,153,341,2015-04-10,3555,0.1,1,-4,0,0,
https://twitter.com/arthurspaces,641,882,387,2017-06-13,2760,0.14,48,-9,21,0,
https://twitter.com/build38dotcom,180,62,526,2018-12-12,2213,0.24,10,-7,20,5,
https://twitter.com/bitrealcapital,120,61,120,2017-11-28,2592,0.05,7,-10,0,-1,
https://twitter.com/BlackMantaCap,686,121,258,2018-04-24,2445,0.11,33,-7,6,0,
https://twitter.com/ATAI_life,12296,500,1184,2018-06-21,2387,0.5,1552,-26,60,-17,
https://twitter.com/Bernstein_io,349,260,358,2016-08-16,3061,0.12,10,-7,35,-5,
https://twitter.com/BlickfeldLiDAR,528,340,520,2017-07-04,2739,0.19,17,-3,10,0,
https://www.twitter.com/catchys_,195,402,68,2014-09-25,3752,0.02,4,-8,0,0,
https://twitter.com/agrando,218,137,232,2017-02-03,2890,0.08,2,-3,0,0,
https://twitter.com/Celus_io,226,211,826,2018-04-10,2459,0.34,10,-12,35,1,
https://twitter.com/capmo_software,92,65,174,2017-11-06,2614,0.07,14,-10,4,0,
https://twitter.com/cadami_net,62,34,96,2015-04-08,3557,0.03,3,-1,2,-1,
https://twitter.com/arculus_GmbH/,,,,,,,,,,,Failed after proxy rotation
https://twitter.com/clever_kids_eu,262,279,289,2017-12-11,2579,0.11,1,-2,0,-1,
https://twitter.com/classcamphq,76,28,15,2021-04-07,1366,0.01,,,,,
https://twitter.com/BreathTx,,,,,,,,,,,Failed after proxy rotation
https://twitter.com/getciara,157,376,632,2019-01-13,2181,0.29,15,-13,0,0,
http://twitter.com/Colorimetrix,81,56,20,2013-02-03,4351,0.0,1,-2,0,0,
https://twitter.com/convaise,117,187,253,2018-05-15,2424,0.1,19,-14,0,-1,
https://twitter.com/CodeSubmit,159,712,152,2019-05-09,2065,0.07,15,-54,1,-1,
https://twitter.com/meetcubemos,18,10,91,2019-10-09,1912,0.05,2,-2,0,0,
https://twitter.com/deepchealth,251,138,229,2018-10-04,2282,0.1,14,-14,7,0,
https://twitter.com/cyan_planet,235,418,439,2019-03-15,2120,0.21,4,-7,0,-2,
https://twitter.com/DataGuard_dg,273,357,351,2018-01-25,2534,0.14,22,-11,14,-6,
https://twitter.com/corrux_,,,,,,,,,,,Failed after proxy rotation
https://twitter.com/envoria,19,15,1,2019-10-24,1897,0.0,2,-2,0,-45,
https://twitter.com/EverReal_GmbH,157,52,296,2016-11-21,2964,0.1,1,-2,0,-2,
https://twitter.com/ebenbuild,55,9,43,2018-11-29,2226,0.02,2,-3,1,0,
https://twitter.com/demodesk,268,272,570,2017-09-09,2672,0.21,43,-4,14,-1,
https://mobile.twitter.com/finway_de,5,8,5,2021-09-28,1192,0.0,18,-17,1,-1,
https://twitter.com/everstox,45,32,166,2019-12-16,1844,0.09,2,-4,5,-1,
https://twitter.com/CryptoTaxApp,611,719,315,2018-01-18,2541,0.12,20,-58,0,-8,
https://twitter.com/fairfleet,380,149,349,2015-11-05,3346,0.1,4,-4,21,-1,
https://twitter.com/eve_io_,,,,,,,,,,,Failed after proxy rotation
https://twitter.com/GolfstromSolar,272,439,546,2017-04-17,2817,0.19,,,,,
https://twitter.com/joinfreework,73,25,56,2017-04-14,2820,0.02,2,-3,0,-1,
https://twitter.com/hawadawalabs,395,793,557,2015-03-29,3567,0.16,2,-9,2,-3,
https://twitter.com/heimkapital,27,139,152,2020-02-27,1771,0.09,16,-11,9,0,
https://twitter.com/GenesisCloud_,831,205,365,2018-06-08,2400,0.15,125,-17,18,1,
https://twitter.com/Grillido,124,60,103,2015-04-07,3558,0.03,4,-4,0,-2,
https://twitter.com/function_hr,319,242,511,2016-12-14,2941,0.17,0,-5,0,-1,
http://twitter.com/hologate,1106,438,430,2017-02-09,2884,0.15,54,-36,15,-2,
https://twitter.com/fulfin_com,,,,,,,,,,,Failed after proxy rotation
https://twitter.com/holoride,75809,231,1564,2018-09-26,2290,0.68,41649,-647,136,-1,
https://twitter.com/integrity_next,1751,2124,661,2017-03-13,2852,0.23,11,-25,3,-3,
https://twitter.com/hawkAI_,,,,,,,,,,,Failed after proxy rotation
https://www.twitter.com/isaraerospace,6743,97,231,2018-04-05,2464,0.09,497,9,16,0,
https://twitter.com/InsaasAI,22,37,82,2019-05-06,2068,0.04,2,-1,1,0,
https://twitter.com/instamotion_com?lang=de,41,53,28,2016-04-26,3173,0.01,7,-8,1,0,
https://twitter.com/Keyp_io,177,82,181,2017-01-30,2894,0.06,2,-3,0,0,
https://twitter.com/JoynDeutschland,4003,139,6638,2019-05-13,2061,3.22,1422,-22,2932,0,
https://twitter.com/kiteKRAFT_tech,245,52,137,2019-03-05,2130,0.06,7,-7,11,-3,
https://twitter.com/iatros_smart_health,,,,,,,,,,,Failed after proxy rotation
https://twitter.com/netlicensing,1664,189,576,2015-08-09,3434,0.17,,,,,
https://www.twitter.com/isquashglobal,912,868,1227,2016-05-18,3151,0.39,22,-9,20,-7,
https://twitter.com/kiutraGmbH,,,,,,,,,,,Failed after proxy rotation
https://twitter.com/mecuris,409,336,627,2015-10-22,3360,0.19,4,-9,14,-2,
https://x.com/mentessa_ai,100,501,297,2018-10-03,2283,0.13,19,-35,15,-3,
https://twitter.com/klarx_com,206,234,369,2016-03-15,3215,0.11,8,-5,3,-1,
https://twitter.com/mietwise,145,326,171,2019-04-28,2076,0.08,3,-3,2,-1,
https://twitter.com/munevo_social,397,537,475,2015-03-06,3590,0.13,9,-15,29,-1,
https://twitter.com/navigance,22,30,119,2018-11-05,2250,0.05,0,-1,0,-1,
https://twitter.com/nekst_me,93,365,125,2015-04-27,3538,0.04,,,,,
https://twitter.com/noahmobility,24,24,105,2019-03-03,2132,0.05,1,-1,0,0,
https://twitter.com/motionscloud,948,1196,1546,2016-04-04,3195,0.48,3,-12,6,-13,
https://www.twitter.com/neutronstarsys,267,181,246,2020-04-02,1736,0.14,15,-10,6,-1,
https://twitter.com/mylivn,53553,186,983,2014-11-03,3713,0.26,70333,-1360,239,-39,
https://twitter.com/MessengerPeople,,,,,,,,,,,Failed after proxy rotation
https://twitter.com/openfabricai,250649,117,2005,2020-04-07,1731,1.16,69959,-42940,183,22,
https://twitter.com/orbem_ai,107,10,38,2017-10-11,2640,0.01,7,-1,1,-1,
https://www.twitter.com/qolware,140,384,112,2017-01-10,2914,0.04,,,,,
https://www.twitter.com/ottonova_ag,946,235,761,2016-02-04,3255,0.23,12,-13,18,-18,
https://twitter.com/picter_com,250,148,228,2016-05-13,3156,0.07,29,-12,0,-6,
https://twitter.com/ndcdatacenters,,,,,,,,,,,Failed after proxy rotation
https://twitter.com/reactive_news,100,46,52,2016-03-19,3211,0.02,4,-3,4,-1,
https://twitter.com/Realcube_GmbH ,8,11,16,2022-03-16,1023,0.02,,,,,
https://twitter.com/rembergtech,40,6,9,2018-07-30,2348,0.0,1,-1,0,0,
https://twitter.com/ororatech,3304,850,3184,2016-01-06,3284,0.97,521,-44,277,4,
https://twitter.com/recup2go,891,221,733,2017-03-10,2855,0.26,30,-25,21,-4,
https://twitter.com/rfrnz_systems,234,104,66,2016-09-20,3026,0.02,,,,,
https://twitter.com/smartlanedata,274,236,244,2015-01-22,3633,0.07,4,-8,0,-4,
https://twitter.com/retorio_AI,137,402,802,2017-11-14,2606,0.31,8,-18,15,0,
https://twitter.com/thesimpleclub,2,1,3,2021-12-29,1100,0.0,0,0,0,0,
https://www.twitter.com/rencore,1892,494,10230,2013-06-15,4219,2.42,31,-32,201,-33,
https://twitter.com/solosmirrors,42,60,32,2017-07-27,2716,0.01,,,,,
https://twitter.com/Rebike15,,,,,,,,,,,Failed after proxy rotation
https://twitter.com/tacterion,254,111,178,2015-05-06,3529,0.05,5,-6,1,0,
https://twitter.com/TwaiceTech,455,261,131,2018-07-12,2366,0.06,35,-33,10,-1,
https://twitter.com/TeleClinic_GmbH,522,150,294,2015-06-19,3485,0.08,18,-9,7,-13,
https://twitter.com/tangany,2401,3,895,2017-10-10,2641,0.34,89,-15,8,-1,
https://twitter.com/Utry_me?ref_src=twsrc%5Egoogle%7Ctwcamp%5Eserp%7Ctwgr%5Eauthor,78,31,1130,2020-11-16,1508,0.75,5,-7,43,0,
https://twitter.com/usercentrics,565,734,1426,2018-02-14,2514,0.57,27,-35,105,-5,
https://twitter.com/toposens,413,131,513,2015-04-09,3556,0.14,5,-6,1,-2,
https://www.twitter.com/sonomotors,,,,,,,,,,,Failed after proxy rotation
https://twitter.com/vrdrct,256,114,790,2017-11-30,2590,0.31,1,-7,1,-7,
https://twitter.com/UX3DGpuSoftware,768,181,1553,2018-10-19,2267,0.69,,,,,
https://twitter.com/werbezeichen,22,35,15,2018-07-10,2368,0.01,5,-5,0,0,
https://twitter.com/villagedataio,376,1453,67,2020-04-21,1717,0.04,5,-7,0,-1,
https://www.twitter.com/voltstorage,858,442,170,2015-01-19,3636,0.05,30,-11,5,-1,
https://twitter.com/volvision?lang=en,199,457,252,2017-05-19,2785,0.09,6,-7,0,-2,
https://twitter.com/wealthpilot_de,72,28,355,2017-07-24,2719,0.13,4,-2,18,0,
https://twitter.com/zentor_me,60,166,172,2018-02-07,2521,0.07,0,-5,0,-5,
https://twitter.com/wirelane,126,98,4,2019-01-29,2165,0.0,16,-21,27,-202,
https://twitter.com/VEGDOG1,192,49,97,2018-08-02,2345,0.04,,,,,
https://www.twitter.com/viscopic,,,,,,,,,,,Failed after proxy rotation
https://twitter.com/awamo_group,262,186,117,2015-04-10,3555,0.03,2,-4,0,-2,
https://twitter.com/unatyde,,,,,,,,,,,Failed after proxy rotation
https://twitter.com/CAPTIQ2018,18,8,5,2018-10-01,2285,0.0,0,-1,0,-1,
https://twitter.com/AISOMA_AG,4479,1525,1514,2017-09-18,2663,0.57,264,-25,57,0,
https://twitter.com/BlockchainHelix,1289,105,1153,2016-04-19,3180,0.36,4,-10,4,-13,
https://twitter.com/zeuz_io,88,47,131,2018-04-09,2460,0.05,18,-3,14,0,
https://twitter.com/workerbase,541,2057,463,2017-02-21,2872,0.16,18,-64,17,-2,
https://twitter.com/admetricsio?lang=en,77,141,432,2017-09-08,2673,0.16,37,-42,25,0,
https://twitter.com/Crdsio,95,595,373,2018-07-19,2359,0.16,35,-38,32,2,
https://twitter.com/bitadata,350,293,614,2018-05-11,2428,0.25,10,-25,17,0,
https://www.twitter.com/cargosteps,172,133,511,2016-09-02,3044,0.17,1,-1,1,-1,
https://twitter.com/datasparkgmbh,6,5,41,2016-04-25,3174,0.01,0,-1,0,-1,
https://twitter.com/armageddonbull?lang=en,671,111,415,2011-07-23,4912,0.08,408,-6,7,0,
https://twitter.com/ConvercycleBike,707,493,364,2018-11-18,2237,0.16,11,-18,9,-1,
https://twitter.com/covomo_de,247,592,947,2014-01-27,3993,0.24,8,-10,0,-1,
https://twitter.com/farmakogmbh?lang=en,15,1,2,2018-11-19,2236,0.0,2,-2,0,0,
https://twitter.com/ClarkGermany,1979,916,1098,2015-05-26,3509,0.31,32,-29,21,-5,
https://twitter.com/field_buzz,161,721,44,2015-01-27,3628,0.01,0,-10,0,-10,
https://twitter.com/finanzguru_de,2388,104,1206,2017-06-22,2751,0.44,112,-37,37,0,
https://twitter.com/cashlink_de,,,,,,,,,,,Failed after proxy rotation
https://twitter.com/coinanalysttech,,,,,,,,,,,Failed after proxy rotation
https://twitter.com/finlex_gmbh,,,,,,,,,,,Failed after proxy rotation
https://twitter.com/LegalTegrity,10,0,71,2021-01-21,1442,0.05,4,-1,10,0,
https://twitter.com/iveone_,154,52,271,2019-04-08,2096,0.13,18,-14,4,-1,
https://twitter.com/inyova_impact,661,569,134,2018-02-13,2515,0.05,17,-20,0,-1,
https://twitter.com/ingadotone,29,15,30,2019-02-07,2156,0.01,1,-1,0,0,
https://twitter.com/meet5app,911,38,5,2017-05-30,2774,0.0,-1,-6,-1,-6,
https://twitter.com/ngenagmbh,3554,1544,2173,2017-08-25,2687,0.81,5,-29,5,-6,
https://twitter.com/netlume,133,359,393,2017-05-15,2789,0.14,,,,,
https://twitter.com/idatase,,,,,,,,,,,Failed after proxy rotation
https://twitter.com/node_energy,197,116,280,2016-11-08,2977,0.09,4,-3,9,-3,
https://twitter.com/OST_Germany,17,159,229,2017-07-14,2729,0.08,0,-3,0,-3,
https://twitter.com/sculptarmy,3,12,29,2020-05-26,1682,0.02,14,-10,0,0,
https://twitter.com/MagtonTech,,,,,,,,,,,Failed after proxy rotation
https://x.com/NorthernDataGrp,27890,552,683,2018-01-09,2550,0.27,8,-572,13,0,
https://twitter.com/qualifyze,136,140,383,2018-11-30,2225,0.17,9,-6,22,-2,
https://twitter.com/savedroidHQ,6021,542,2577,2015-09-24,3388,0.76,-1,-94,53,-5,
https://twitter.com/Thinksurance_de,244,140,304,2014-04-25,3905,0.08,7,-1,4,0,
https://twitter.com/paulaschoice_vi,,,,,,,,,,,Failed after proxy rotation
https://twitter.com/rightxdc,,,,,,,,,,,Failed after proxy rotation
https://twitter.com/xeotekgmbh,779,1,150,2018-02-21,2507,0.06,18,-1,0,0,
https://twitter.com/TvaritAI,46,3,19,2019-01-19,2175,0.01,0,0,0,0,
https://twitter.com/USDXwallet,16149,281,426,2018-03-01,2499,0.17,82,-613,3,-1,
http://www.twitter.com/traxpay,1960,1031,5277,2012-06-19,4580,1.15,15,-57,0,-41,
https://twitter.com/123Makler,506,707,496,2015-03-03,3593,0.14,3,-4,0,-1,
https://twitter.com/weprofit_global,48,184,36,2018-05-18,2421,0.01,16,-16,0,0,
https://x.com/Sonus__,,,,,,,,,,,Failed after proxy rotation
https://www.twitter.com/12kresearch,233,215,144,2015-02-06,3618,0.04,2,-3,2,-3,
https://twitter.com/aarondotai,63,35,10,2015-04-22,3543,0.0,1,-1,6,0,
https://twitter.com/3GProxy1,65,213,57,2017-01-17,2907,0.02,3,-3,0,0,
https://www.twitter.com/affilimateio,463,60,59,2019-03-04,2131,0.03,,,,,
https://www.twitter.com/abfindungsheld,58,33,37,2017-05-29,2775,0.01,1,-1,1,-1,
https://twitter.com/agentsdotinc,144,151,233,2015-11-23,3328,0.07,,,,,
https://twitter.com/adaptant_io,331,440,185,2015-09-09,3403,0.05,5,-5,0,-1,
https://twitter.com/Acatus_Fintech,33,19,7,2018-03-22,2478,0.0,0,-1,0,-1,
https://twitter.com/Agranimo,156,98,136,2015-11-16,3335,0.04,10,-9,0,0,
https://twitter.com/BlockchainAG,12686,57,773,2017-11-24,2596,0.3,207,-169,34,-41,
https://twitter.com/aignostics,171,27,18,2019-05-05,2069,0.01,10,-1,1,0,
https://twitter.com/airfarm1,43,75,121,2019-09-11,1940,0.06,4,-2,0,0,
https://twitter.com/aazzur_,162,463,338,2017-10-09,2642,0.13,30,-36,21,-2,
http://twitter.com/AirGateway,257,32,159,2016-03-17,3213,0.05,2,-3,2,-4,
https://twitter.com/Airteam_ai,866,1787,1530,2015-10-03,3379,0.45,44,-119,25,0,
https://twitter.com/Amparo_Pros,192,147,249,2017-08-08,2704,0.09,10,-4,15,-1,
https://twitter.com/Airstage_Artist,,,,,,,,,,,Failed after proxy rotation
https://twitter.com/AiSight_company,,,,,,,,,,,Failed after proxy rotation
https://twitter.com/anyledgerio,,,,,,,,,,,Failed after proxy rotation
https://twitter.com/AirVTing,,,,,,,,,,,Failed after proxy rotation
https://twitter.com/allmyhomes,,,,,,,,,,,Failed after proxy rotation
https://www.twitter.com/allvr_berlin,,,,,,,,,,,Failed after proxy rotation
https://twitter.com/anytypelabs,14875,236,1162,2019-01-24,2170,0.54,907,-96,169,0,
https://twitter.com/abatonhealth,,,,,,,,,,,Failed after proxy rotation
https://twitter.com/apheris_AI,945,328,430,2018-05-15,2424,0.18,461,-57,35,-2,
https://twitter.com/augmentrobotics,50,28,370,2018-06-07,2401,0.15,,,,,
https://twitter.com/assembly_net,21791,1,2,2021-05-07,1336,0.0,3707,-228,52,-386,
https://twitter.com/Augmania_,660,2649,1505,2016-03-06,3224,0.47,24,-64,2,-2,
https://twitter.com/aucta_io,45,95,25,2019-07-22,1991,0.01,4,-2,0,0,
https://twitter.com/asanarebel,1311,9,167,2015-12-15,3306,0.05,47,-12,0,0,
https://twitter.com/babelforce,547,1255,1665,2013-02-28,4326,0.38,14,-36,10,-2,
https://mobile.twitter.com/bambusio,1,0,0,2018-11-27,2228,0.0,0,0,0,0,
https://twitter.com/AssistMe_io,46,77,32,2018-10-01,2285,0.01,8,-18,3,-5,
https://twitter.com/backhq_,224,105,86,2018-05-30,2409,0.04,14,-12,11,0,
https://twitter.com/belyntic,271,154,171,2017-06-06,2767,0.06,4,-10,0,-1,
https://twitter.com/basking_io,153,224,188,2017-11-14,2606,0.07,9,-12,9,0,
https://twitter.com/auto1_group,1060,208,578,2018-02-06,2522,0.23,137,-4,41,-1,
https://www.twitter.com/thebeelinguapp,1341,172,1386,2016-09-21,3025,0.46,202,-8,108,0,
https://twitter.com/BenFleetService,0,1,0,2023-01-20,713,0.0,0,0,0,0,
https://www.twitter.com/BayesEsports,2858,1141,324,2019-01-28,2166,0.15,27,-33,15,0,
https://twitter.com/beat81_fitness,47,6,1,2019-10-04,1917,0.0,4,-1,1,0,
https://twitter.com/@TechnologyBead,,,,,,,,,,,Failed after proxy rotation
https://twitter.com/bliq_ai,170,89,105,2018-07-10,2368,0.04,28,-65,4,-3,
https://www.twitter.com/blockchainhub,21,1,2,2021-02-28,1404,0.0,2,-2,1,0,
https://twitter.com/bonify_de,419,264,2206,2015-09-24,3388,0.65,13,-4,53,-8,
https://www.twitter.com/berliner_berg,331,181,15,2015-03-11,3585,0.0,2,-5,0,0,
https://twitter.com/blokzofficial,320,292,283,2018-06-04,2404,0.12,22,-30,15,-3,
https://www.twitter.com/boca_health,46,28,30,2017-11-11,2609,0.01,2,-2,4,0,
https://twitter.com/bikeidregistry,158,0,118,2014-06-17,3852,0.03,1,-3,0,-1,
https://twitter.com/boxtoboxapp,28,90,3,2018-04-13,2456,0.0,9,-7,0,0,
https://twitter.com/BillieGmbh,,,,,,,,,,,Failed after proxy rotation
https://twitter.com/withbuena,39,7,3,2022-11-22,772,0.0,3,0,0,0,
https://twitter.com/careloop_io,813,1992,190,2019-05-22,2052,0.09,13,-21,0,-2,
https://twitter.com/BOOSTThyroid,,,,,,,,,,,Failed after proxy rotation
https://twitter.com/cadeia_co,33,37,12,2021-01-11,1452,0.01,15,-18,0,0,
https://twitter.com/buying_show,331,154,329,2016-05-31,3138,0.1,2,-9,0,-3,
https://twitter.com/buckleandseam,94,41,125,2018-03-20,2480,0.05,4,-4,6,-2,
https://twitter.com/bryter_io,1074,4,361,2017-11-26,2594,0.14,68,-18,21,-8,
https://twitter.com/brighterai,659,242,488,2017-11-21,2599,0.19,39,-26,22,-1,
https://www.twitter.com/candis_io,284,272,186,2015-09-22,3390,0.05,8,-6,0,-4,
https://www.twitter.com/careship_de,313,462,423,2016-07-18,3090,0.14,19,-9,9,-9,
https://twitter.com/cllbrcks,129,13,23,2016-10-26,2990,0.01,0,-1,0,-1,
https://twitter.com/choco_app,137,135,78,2020-07-23,1624,0.05,16,-17,3,0,
https://twitter.com/ChatShopper,1732,4093,1178,2015-04-19,3546,0.33,30,-35,0,-2,
https://twitter.com/charly_media,344,454,419,2016-10-06,3010,0.14,3,-5,6,-1,
https://twitter.com/getcircula,144,386,358,2017-07-31,2712,0.13,8,-9,0,-3,
https://twitter.com/cargo_one_,505,66,186,2018-02-07,2521,0.07,60,-3,12,-1,
https://twitter.com/cedengrow?lang=en,34,4,39,2017-02-05,2888,0.01,2,-1,0,0,
https://twitter.com/checklyhq,2348,968,1387,2017-02-19,2874,0.48,174,-19,62,-19,
https://twitter.com/chainwisegroup,,,,,,,,,,,Failed after proxy rotation
https://twitter.com/clickclickdriDE,29,611,381,2018-05-28,2411,0.16,2,-1,2,-1,
http://twitter.com/civocracy,1426,1320,2289,2013-06-19,4215,0.54,19,-21,24,-2,
https://twitter.com/CloudRadarIT,535,2613,261,2017-05-29,2775,0.09,,,,,
https://twitter.com/cleanenergypack,77,91,201,2018-10-03,2283,0.09,1,-1,0,-11,
https://twitter.com/teamcaroobi,46,12,4,2016-02-10,3249,0.0,1,-2,0,0,
https://twitter.com/cit_kar,225,109,365,2016-04-10,3189,0.11,32,-8,12,-12,
https://www.twitter.com/civey_de,3016,1252,5493,2016-01-13,3277,1.68,60,-58,58,-11,
https://twitter.com/coachhub_io,973,451,380,2018-06-29,2379,0.16,66,-11,20,0,
https://twitter.com/clubionet,,,,,,,,,,,Failed after proxy rotation
https://twitter.com/conductivai,19,11,7,2018-11-29,2226,0.0,1,-1,0,-2,
https://twitter.com/getCAYA,162,24,444,2017-06-26,2747,0.16,3,-3,5,1,
https://twitter.com/CoureonVersand,57,19,47,2015-10-15,3367,0.01,1,-2,0,0,
https://twitter.com/CodeControl_,652,2005,437,2017-04-04,2830,0.15,59,-124,0,-1,
https://twitter.com/comgy_io,102,104,97,2016-09-08,3038,0.03,4,-3,0,-1,
https://twitter.com/contentflowlive,259,440,556,2016-01-16,3274,0.17,2,-4,6,-1,
https://twitter.com/codecks_io,1341,456,1606,2015-03-10,3586,0.45,312,-27,69,-1,
https://twitter.com/CookiesApp_,379,369,355,2015-03-14,3582,0.1,7,-15,0,-3,
https://twitter.com/CYCLE_mobility,70,81,79,2018-12-06,2219,0.04,0,-1,0,-1,
https://twitter.com/deckard_ai,103,143,72,2016-04-01,3198,0.02,2,-5,0,0,
https://twitter.com/COPYTRACK,1013,393,1617,2016-03-30,3200,0.51,74,-75,28,0,
https://twitter.com/dandelinapp,28,15,55,2017-08-31,2681,0.02,0,-1,0,0,
https://twitter.com/DeepNeuronLab,2000,1067,1705,2018-04-03,2466,0.69,35,-27,6,0,
https://twitter.com/cryptotickerio,3195,1165,7432,2017-07-07,2736,2.72,74,-47,298,10,
https://twitter.com/dearemployee_,49,118,128,2018-04-25,2444,0.05,4,-2,1,-1,
https://twitter.com/cyberdirekt,190,397,458,2017-04-05,2829,0.16,7,-14,7,-5,
https://twitter.com/DataradeHQ,144,0,8,2018-11-13,2242,0.0,14,-3,2,-2,
https://twitter.com/DiscoEat,26,2,1,2018-06-19,2389,0.0,0,0,0,0,
https://twitter.com/defudger,94,196,260,2019-03-28,2107,0.12,5,-15,0,-15,
https://twitter.com/divesolutions,152,67,118,2018-05-04,2435,0.05,44,-44,4,0,
https://twitter.com/deepset_ai,4550,1762,1390,2017-12-29,2561,0.54,307,-50,67,7,
https://twitter.com/hello_coya,331,50,258,2017-08-03,2709,0.1,7,-6,6,-1,
https://twitter.com/dStudienfinanz,138,83,167,2016-12-20,2935,0.06,5,-4,0,-4,
https://twitter.com/deepstreamhub,915,276,701,2015-11-30,3321,0.21,4,-10,0,-5,
https://twitter.com/detahq,5807,0,2053,2012-07-14,4555,0.45,2129,-18,192,-1,
https://twitter.com/diode_chain,7423,78,2391,2018-12-06,2219,1.08,,,,,
https://twitter.com/diva_enterprise/,,,,,,,,,,,Failed after proxy rotation
http://www.twitter.com/dongxii_com,1921,107,1305,2016-04-07,3192,0.41,12,-10,10,1,
https://twitter.com/eclearag,34,71,127,2018-12-20,2205,0.06,2,-1,0,0,
https://twitter.com/Dogo_App,105,18,23,2018-11-12,2243,0.01,2,-1,0,0,
https://twitter.com/DuDeChem_en,42,127,50,2022-01-25,1073,0.05,16,-13,0,0,
https://www.twitter.com/edkimo_app,1039,0,7,2010-04-28,5363,0.0,11,-29,35,-4376,
https://twitter.com/_doctorly_,207,35,176,2017-11-24,2596,0.07,10,-6,4,-3,
https://twitter.com/eduki_de,1230,754,348,2015-05-17,3518,0.1,14,-29,18,-1,
https://twitter.com/ecoligo,1226,963,1447,2015-10-21,3361,0.43,54,-44,74,-8,
https://twitter.com/elenaGmbH,15,36,12,2018-07-12,2366,0.01,1,-1,1,-1,
https://www.twitter.com/enloopp,15,231,4,2015-03-01,3595,0.0,,,,,
https://twitter.com/ElysiumGameSt,705,53,25,2021-01-04,1459,0.02,208,-6,2,-1,
https://twitter.com/elinvar_de,689,167,581,2016-10-03,3013,0.19,9,-13,13,-2,
https://twitter.com/elementinsur,521,564,435,2017-11-10,2610,0.17,16,-30,9,-5,
http://www.twitter.com/emmy_sharing,1341,224,307,2014-09-11,3766,0.08,15,-41,17,0,
https://www.twitter.com/medi_date,26,47,84,2014-06-13,3856,0.02,14,-3,0,0,
https://twitter.com/ElucidateGmbH,126,285,147,2018-10-11,2275,0.06,11,-26,15,-1,
https://twitter.com/EndelSound,9988,216,2629,2018-06-15,2393,1.1,767,-88,126,0,
https://twitter.com/etonec_gmbh,365,201,301,2019-02-27,2136,0.14,1,-9,1,-9,
https://twitter.com/enoteapp,163,436,139,2019-07-25,1988,0.07,5,-10,5,0,
https://twitter.com/Enapter,3194,445,1378,2017-10-26,2625,0.52,593,-46,60,2,
https://twitter.com/EscardaTech?lang=en,22,4,13,2019-02-27,2136,0.01,1,-2,3,0,
https://twitter.com/enpal_de,1707,177,1369,2020-07-22,1625,0.84,88,-38,121,-9,
https://www.twitter.com/fluid_dynamix,69,80,113,2015-07-13,3461,0.03,1,-1,1,-1,
https://twitter.com/fanmiles,38,0,5,2018-01-18,2541,0.0,0,-2,0,0,
https://twitter.com/evermoodcom,640,1485,508,2018-07-27,2351,0.22,1,-10,0,-12,
https://www.twitter.com/esportsobserved,30949,833,17436,2015-06-26,3478,5.01,1609,-337,370,-49,
https://www.twitter.com/erazerowaste,33,52,62,2019-08-05,1977,0.03,2,-3,2,-1,
https://twitter.com/fastic?lang=en,57085,63,804,2020-05-16,1692,0.48,4142,-402,57,-3,
https://twitter.com/expert_lead,147,196,305,2017-09-15,2666,0.11,9,-5,7,0,
https://twitter.com/explosion_ai,13450,3,1228,2016-06-18,3120,0.39,794,-118,50,1,
https://twitter.com/edamamafoods,18,139,2,2017-07-11,2732,0.0,0,0,0,0,
https://twitter.com/hello_feather,123,118,145,2018-05-25,2414,0.06,4,-3,0,0,
https://twitter.com/field33_co,8,0,0,2020-10-08,1547,0.0,2,0,0,0,
https://twitter.com/fixfirst_io,34,111,71,2021-09-13,1207,0.06,4,-4,0,0,
https://twitter.com/evercityeco,868,179,520,2018-03-26,2474,0.21,63,-15,37,-3,
https://twitter.com/finiata_global,16,0,0,2017-06-27,2746,0.0,2,-1,0,0,
https://twitter.com/financeAdsInt,431,1015,416,2015-05-08,3527,0.12,8,-21,4,-1,
https://twitter.com/finmarie_com,295,160,648,2017-11-14,2606,0.25,2,-4,1,-9,
https://twitter.com/fincomparede,175,126,352,2017-02-22,2871,0.12,9,-5,33,-1,
http://twitter.com/flowlab_app,247,69,273,2016-03-14,3216,0.08,13,-4,25,0,
https://twitter.com/flowhub_io,490,12,137,2013-11-20,4061,0.03,,,,,
https://twitter.com/FliitHolding,35,44,43,2017-03-30,2835,0.02,3,-2,0,-2,
https://twitter.com/fluxprotocol,292,1,1,2022-07-29,888,0.0,170,-92,0,0,
https://twitter.com/eatformo,665,121,161,2021-04-13,1360,0.12,26,-17,3,-1,
https://twitter.com/framen_io,154,721,356,2017-04-25,2809,0.13,9,-6,14,0,
https://twitter.com/weareflyiin,229,250,172,2015-03-26,3570,0.05,6,-4,5,-1,
https://twitter.com/Finoa_io,7445,1427,759,2018-06-13,2395,0.32,499,-41,42,2,
https://twitter.com/forexfix,63,109,78,2017-02-09,2884,0.03,6,-5,0,-1,
https://twitter.com/fortocompany,3674,1714,3567,2016-03-07,3223,1.11,23,-41,34,-14,
https://twitter.com/foreverlyde,1047,1147,1357,2009-05-28,5698,0.24,2,-11,0,-2,
https://twitter.com/DigiAvenger,,,,,,,,,,,Failed after proxy rotation
https://twitter.com/fractalprtcl,,,,,,,,,,,Failed after proxy rotation
https://twitter.com/fractalprtcl,,,,,,,,,,,Failed after proxy rotation
https://twitter.com/garden_io,1021,478,535,2018-01-22,2537,0.21,11,-16,19,-7,
https://twitter.com/gapless_app,154,217,192,2019-04-15,2089,0.09,11,-18,3,0,
https://twitter.com/getframeright,146,349,202,2017-04-04,2830,0.07,32,-36,18,-2,
https://twitter.com/fundflow_de,21,0,9,2017-02-11,2882,0.0,2,0,0,0,
https://twitter.com/FRIDAY_TechTalk,129,123,83,2018-03-27,2473,0.03,5,-3,5,-1,
https://twitter.com/Funeria_de,28,25,8,2017-05-29,2775,0.0,1,-1,0,0,
https://www.twitter.com/germanautolabs,792,520,1010,2016-06-09,3129,0.32,12,-26,5,-4,
https://www.twitter.com/getsurance,556,463,339,2016-03-17,3213,0.11,2,-4,0,0,
https://twitter.com/goggonetwork,931,2065,306,2019-01-30,2164,0.14,33,-65,6,-3,
https://twitter.com/get_steps?lang=en,21,35,43,2020-08-19,1597,0.03,15,-11,0,-1,
https://twitter.com/glassdollar,121,50,18,2016-12-12,2943,0.01,4,-4,0,0,
https://twitter.com/GroupFundament,,,,,,,,,,,Failed after proxy rotation
https://mobile.twitter.com/getaway_pro,200,154,117,2015-11-05,3346,0.03,7,-6,0,-3,
https://twitter.com/getacamp,,,,,,,,,,,Failed after proxy rotation
https://www.twitter.com/girafi_co,291,639,86,2015-09-25,3387,0.03,20,-29,3,0,
https://twitter.com/goedle_io,216,41,479,2014-11-21,3695,0.13,3,-3,0,-1,
https://twitter.com/_freshenergy,248,118,194,2017-10-11,2640,0.07,3,-5,0,-1,
https://twitter.com/hasty_ai,156,141,46,2019-05-13,2061,0.02,10,-3,5,0,
https://twitter.com/hellobetter_de,465,246,451,2020-01-08,1821,0.25,31,-7,46,-2,
https://twitter.com/hellocoachapp,20,49,4,2015-03-22,3574,0.0,0,0,0,0,
https://twitter.com/growify_gmbh,10,6,13,2020-10-12,1543,0.01,0,-2,0,0,
https://twitter.com/habytglobal,326,0,38,2016-12-10,2945,0.01,13,-7,6,0,
https://twitter.com/getgrover,5339,287,7385,2015-03-13,3583,2.06,1487,-69,305,-1,
https://twitter.com/halmstraws,96,142,175,2017-01-01,2923,0.06,16,-7,5,-1,
https://twitter.com/gridesports,1285,145,490,2019-03-04,2131,0.23,103,-45,24,0,
https://twitter.com/homecar24?lang=de,41,0,0,2018-03-26,2474,0.0,,,,,
https://twitter.com/moebel24_de,13,8,6,2016-02-29,3230,0.0,,,,,
https://twitter.com/HeyHeycater,139,353,102,2015-10-23,3359,0.03,3,-3,3,-1,
https://twitter.com/heydata1,3,7,1,2018-11-10,2245,0.0,1,-1,0,0,
https://twitter.com/gravit_io,,,,,,,,,,,Failed after proxy rotation
https://twitter.com/herdiusdex,1657,134,154,2017-11-07,2613,0.06,2905,-648,16,-8,
https://twitter.com/Homebell_com,61,21,17,2016-02-17,3242,0.01,1,-1,0,0,
https://twitter.com/homebeatlive,,,,,,,,,,,Failed after proxy rotation
https://www.twitter.com/homeday_de,390,223,550,2014-10-07,3740,0.15,23,-5,11,-5,
https://twitter.com/hotelfriendag,202,670,811,2017-11-14,2606,0.31,2,-41,2,-41,
https://twitter.com/HonestRare,7,0,1,2019-04-19,2085,0.0,0,-1,0,-1,
https://www.twitter.com/honeypotio,11988,2565,3900,2015-08-26,3417,1.14,1468,-86,64,-4,
https://twitter.com/horiznstudios,3139,93,658,2015-05-22,3513,0.19,13,-51,20,-2,
https://twitter.com/HeavenHR_fr,62,302,31,2015-10-12,3370,0.01,1,-2,0,0,
https://twitter.com/Hotelhero1,253,429,88,2018-02-05,2523,0.03,15,-9,3,-1,
https://twitter.com/humsystems,75,76,75,2018-12-04,2221,0.03,-3,-3,0,0,
https://twitter.com/Hrmony_de,718,4121,1333,2015-03-05,3591,0.37,25,-48,39,-6,
https://twitter.com/idalab_de,352,228,68,2016-04-07,3192,0.02,7,-28,1,-1,
https://twitter.com/ifunded,424,468,726,2015-12-16,3305,0.22,17,-45,0,-2,
https://twitter.com/hypcloudhq,9,0,0,2018-02-12,2516,0.0,1,-1,0,0,
https://twitter.com/i2x_ai,283,207,398,2016-09-22,3024,0.13,9,-24,0,-2,
https://twitter.com/Hrmony_de,718,4121,1333,2015-03-05,3591,0.37,25,-48,39,-6,
https://twitter.com/humanoo_jobs,6,3,22,2019-02-27,2136,0.01,1,-1,0,0,
https://twitter.com/idagio_official,7220,2487,5855,2015-03-07,3589,1.63,158,-142,134,-25,
http://twitter.com/inspirient,108,34,324,2015-11-24,3327,0.1,2,-2,0,-3,
https://twitter.com/hygraphcom,,,,,,,,,,,Failed after proxy rotation
https://twitter.com/inselbergcom,16,4,12,2015-10-26,3356,0.0,0,-1,0,0,
https://twitter.com/inne_io,173,48,194,2018-06-07,2401,0.08,5,-5,0,-1,
https://www.twitter.com/influanza_com,84,68,423,2016-02-13,3246,0.13,3,-6,0,-1,
https://twitter.com/getinsha,797,3,26,2018-02-23,2505,0.01,2,-13,0,0,
https://twitter.com/InstaFreight_en,1292,628,2084,2016-10-05,3011,0.69,7,-12,20,-3,
https://twitter.com/intertempi,24,116,80,2019-02-25,2138,0.04,1,-7,1,-7,
https://twitter.com/jamblitup,23,146,47,2017-11-08,2612,0.02,0,0,0,0,
https://twitter.com/jasprtrades,190,724,593,2016-06-15,3123,0.19,8,-7,0,0,
https://twitter.com/thejobpal,507,53,586,2016-05-17,3152,0.19,2,-8,0,-1,
https://twitter.com/jobliftde,370,672,256,2016-02-09,3250,0.08,12,-8,0,-1,
https://twitter.com/inuru_,386,2002,146,2017-01-25,2899,0.05,6,-2,2,-1,
https://twitter.com/kapilendo,,,,,,,,,,,Failed after proxy rotation
https://twitter.com/incapptic,425,507,951,2015-02-11,3613,0.26,7,-17,0,-3,
https://twitter.com/jurafuchsapp,145,36,31,2018-04-12,2457,0.01,,,,,
https://twitter.com/inzmoapp,,,,,,,,,,,Failed after proxy rotation
https://twitter.com/Joonko_io,144,153,88,2019-08-19,1963,0.04,13,-20,0,-2,
https://www.twitter.com/innolend,20,8,5,2016-06-28,3110,0.0,0,0,0,0,
https://twitter.com/jobufoapp,421,740,643,2016-04-04,3195,0.2,,,,,
https://twitter.com/jovotech,1423,87,1076,2017-05-17,2787,0.39,2,-9,3,-7,
https://twitter.com/influnate,,,,,,,,,,,Failed after proxy rotation
https://twitter.com/Karosso_de,106,587,41,2015-05-04,3531,0.01,10,-10,0,0,
https://twitter.com/KeepEyeOnBallVR,123,298,206,2016-07-06,3102,0.07,3,-1,0,0,
https://twitter.com/karlkarlo_com,,,,,,,,,,,Failed after proxy rotation
https://www.twitter.com/kombuchery_de,34,10,178,2019-05-10,2064,0.09,1,-1,0,0,
https://twitter.com/kleiderlyberlin,173,340,270,2020-05-04,1704,0.16,12,-17,0,-1,
https://twitter.com/Kemialytics,213,225,20,2016-07-14,3094,0.01,3,-3,0,0,
https://twitter.com/keyword_hero,677,944,754,2017-04-17,2817,0.27,21,-50,1,-1,
https://twitter.com/getklima,826,152,386,2020-05-26,1682,0.23,102,-42,45,0,
https://twitter.com/Kiltprotocol,66814,1080,2869,2018-09-07,2309,1.24,16624,-494,123,10,
https://twitter.com/Kontist,1279,411,2311,2016-02-24,3235,0.71,43,-39,123,-24,
http://twitter.com/leanport,6,0,8,2011-08-08,4896,0.0,0,0,0,0,
https://twitter.com/join_koop,38,135,24,2018-04-25,2444,0.01,,,,,
https://twitter.com/kopernikusauto,69,14,9,2018-02-08,2520,0.0,3,-2,0,-1,
https://twitter.com/KoolZoneLtd,157,463,536,2019-03-08,2127,0.25,2,-4,0,0,
https://www.twitter.com/lama_app,501,2329,1952,2017-05-16,2788,0.7,21,-43,9,0,
https://twitter.com/lendis_io,52,12,5,2021-08-02,1249,0.0,,,,,
https://twitter.com/landopayment,2,13,4,2019-07-30,1983,0.0,7,-6,0,0,
https://twitter.com/io_lano,151,245,321,2020-08-04,1612,0.2,18,-23,11,-3,
https://twitter.com/linkfish_,41,12,24,2016-02-12,3247,0.01,1,-2,1,-2,
https://twitter.com/leapsome,1951,1030,1452,2017-05-02,2802,0.52,35,-41,7,-2,
https://www.twitter.com/kreatize,260,625,239,2016-06-28,3110,0.08,33,-13,23,-2,
https://twitter.com/golayer_io,117,58,200,2020-02-11,1787,0.11,13,-11,16,0,
http://www.twitter.com/linderade,587,566,1998,2015-06-11,3493,0.57,5,-9,32,-7,
https://twitter.com/licenserocks,947,1279,6019,2016-06-19,3119,1.93,187,-38,1591,-1,
https://twitter.com/liveeo_space,942,67,458,2017-10-15,2636,0.17,23,-10,6,-2,
https://www.twitter.com/Lumiform1,8,4,185,2020-06-28,1649,0.11,1,-1,0,0,
https://twitter.com/linearityhq,12395,182,2852,2017-04-22,2812,1.01,1687,-156,125,-8,
https://twitter.com/matchx_iot,5906,236,714,2017-03-06,2859,0.25,16,-43,41,-4,
https://twitter.com/loots,33083,834,884,2011-05-30,4966,0.18,367,-723,5,-3,
https://twitter.com/manonamissionde,275,479,6679,2015-03-17,3579,1.87,11,-32,61,-1,
https://twitter.com/mapifytravel,387,314,63,2017-11-11,2609,0.02,16,-24,0,0,
https://twitter.com/gomatterway,73,16,9,2014-02-17,3972,0.0,23,-42,0,0,
https://twitter.com/mdktechnologies,53,82,140,2015-04-22,3543,0.04,,,,,
https://twitter.com/liqid,887,536,701,2008-09-06,5962,0.12,19,-24,0,-3,
https://twitter.com/lukso_io,63195,5,2319,2017-09-28,2653,0.87,5454,-630,129,-2,
https://twitter.com/mcmaklerde,305,395,1093,2016-08-02,3075,0.36,22,-18,13,-64,
https://twitter.com/mateforevents,,,,,,,,,,,Failed after proxy rotation
https://twitter.com/mealsaverde?lang=en,200,184,184,2016-10-17,2999,0.06,3,-4,0,0,
https://twitter.com/mentavio,1017,68,650,2015-12-28,3293,0.2,249,-27,17,0,
https://twitter.com/meditopiapp,7040,22,370,2018-02-06,2522,0.15,1289,-40,22,0,
https://twitter.com/MedloopApp_de,140,544,102,2019-05-17,2057,0.05,8,-2,12,0,
https://twitter.com/menu_tech,102,121,281,2017-07-24,2719,0.1,7,-6,1,0,
https://twitter.com/melodrivemusic,487,704,631,2016-07-10,3098,0.2,11,-23,0,-15,
https://www.twitter.com/medwingcom,150,66,152,2017-06-09,2764,0.05,16,-7,11,-1,
https://twitter.com/metr_bms,315,913,1360,2018-09-21,2295,0.59,3,-10,0,-7,
https://twitter.com/mealyApp,,,,,,,,,,,Failed after proxy rotation
https://twitter.com/minespiderteam,828,1254,658,2017-05-19,2785,0.24,28,-68,10,1,
https://twitter.com/milesmobility,1218,302,1069,2016-11-01,2984,0.36,40,-19,25,-48,
https://twitter.com/mintbase,615,71,106,2023-10-17,443,0.24,12,3,23,0,
https://twitter.com/MeisterwerkApp,,,,,,,,,,,Failed after proxy rotation
https://twitter.com/mitmikade,41,24,11,2019-03-14,2121,0.01,8,-2,0,0,
https://twitter.com/mindable_health?lang=en,94,107,73,2018-10-29,2257,0.03,15,-6,4,-2,
https://twitter.com/mosscredit,123,19,60,2021-01-14,1449,0.04,,,,,
https://twitter.com/monitor_fish,65,11,23,2017-04-29,2805,0.01,1,-2,0,0,
https://twitter.com/MoBerries,722,321,1143,2015-03-30,3566,0.32,3,-14,0,-1,
https://twitter.com/appmoneycoach,3418,2664,2979,2015-03-30,3566,0.84,19,-85,41,1,
https://twitter.com/moonfare,1686,70,139,2018-10-11,2275,0.06,49,-10,18,-153,
https://www.twitter.com/mybetterlife_de,47,121,82,2016-10-26,2990,0.03,,,,,
https://twitter.com/Movinga,1181,1339,975,2015-10-12,3370,0.29,14,-26,0,-1,
https://twitter.com/NetzHolding,1,6,0,2016-02-15,3244,0.0,0,0,0,0,
https://twitter.com/CateringMYMY,7,34,127,2020-04-15,1723,0.07,1,-2,0,-1,
https://twitter.com/msense_app,1379,531,2539,2015-10-12,3370,0.75,557,-36,87,-17,
https://twitter.com/MoweaWind,280,284,147,2018-09-19,2297,0.06,44,-16,3,-9,
https://twitter.com/theNextMatter/,55,59,77,2020-12-16,1478,0.05,2,-2,0,0,
https://twitter.com/myos_finance,90,103,209,2018-05-22,2417,0.09,5,-3,6,0,
https://twitter.com/n8n_io,12295,1,1656,2018-11-30,2225,0.74,1206,39,106,0,
https://twitter.com/nwtnberlin,46,331,86,2016-12-05,2950,0.03,1,-10,1,-10,
https://twitter.com/neurofoxberlin?lang=en,,,,,,,,,,,Failed after proxy rotation
https://twitter.com/nomitri_ai,80,159,217,2020-10-10,1545,0.14,1,-8,1,-8,
https://twitter.com/nyrisio,114,12,81,2016-11-30,2955,0.03,3,-2,0,0,
https://twitter.com/NumaStays,112,39,382,2021-04-29,1344,0.28,13,-1,161,0,
https://twitter.com/nostosgenomics,223,7,123,2019-08-12,1970,0.06,5,-3,11,0,
https://twitter.com/nia_helferin,49,41,131,2019-04-23,2081,0.06,3,-2,6,-1,
https://twitter.com/mobiuslabs,11,1,0,2015-06-28,3476,0.0,1,-1,0,0,
https://twitter.com/oculid4research,79,87,120,2018-07-03,2375,0.05,13,-16,10,-1,
https://twitter.com/objectbox_io,1028,422,547,2017-06-05,2768,0.2,309,-64,13,-1,
https://twitter.com/its_me_ooia,137,0,3,2020-03-06,1763,0.0,0,-5,0,0,
https://twitter.com/openHandwerk,477,1370,766,2017-05-21,2783,0.28,,,,,
https://twitter.com/omsorgt,611,66,7,2016-06-28,3110,0.0,2,-2,0,0,
https://twitter.com/nebenan_DE,2468,675,1317,2013-02-19,4335,0.3,24,-66,18,-16,
https://twitter.com/ONO_motion,523,268,395,2017-01-23,2901,0.14,19,-15,19,-2,
https://twitter.com/oeex_gmbh,166,306,165,2015-12-02,3319,0.05,2,-3,0,-1,
https://twitter.com/Ozank_official,8,0,0,2021-08-09,1242,0.0,2,0,0,0,
https://twitter.com/OhlalaGER,501,414,291,2015-06-25,3479,0.08,7,-6,0,-3,
https://twitter.com/optidash,,,,,,,,,,,Failed after proxy rotation
https://twitter.com/CyberPerseus,369,705,1331,2017-08-11,2701,0.49,,,,,
https://twitter.com/parlamind,244,180,450,2015-09-16,3396,0.13,6,-11,0,-4,
https://twitter.com/packator,51,99,178,2015-11-16,3335,0.05,1,-1,0,0,
https://twitter.com/passion_io,761,868,107,2014-12-26,3660,0.03,20,-27,12,0,
https://www.twitter.com/getpenta,2268,30,2893,2016-05-12,3157,0.92,40,-36,65,-6,
https://twitter.com/PairFinance,249,343,421,2017-04-07,2827,0.15,15,-21,8,0,
https://twitter.com/passbase,3358,2621,742,2018-11-19,2236,0.33,260,-44,51,-2,
https://twitter.com/perdoohq,921,798,622,2015-03-17,3579,0.17,54,-32,7,-1,
https://twitter.com/planetly,29,11,0,2013-07-01,4203,0.0,1,-2,0,0,
https://twitter.com/polypoly,616,208,485,2020-05-28,1680,0.29,3,-16,0,-4,
https://www.twitter.com/plantixapp,2606,536,1513,2015-04-23,3542,0.43,379,-14,37,-1,
https://twitter.com/polyteia,580,95,167,2017-10-12,2639,0.06,10,-12,2,-1,
https://twitter.com/phasecommunity,4096,2644,891,2018-02-03,2525,0.35,69,-38,27,-69,
https://twitter.com/playsnakgames,165,212,151,2014-10-04,3743,0.04,6,-8,0,0,
https://twitter.com/petsdeli_de,150,5,71,2014-05-07,3893,0.02,2,-3,1,0,
https://twitter.com/PiNCAMP_DE,199,80,89,2018-04-30,2439,0.04,8,-7,0,-2,
https://twitter.com/Pitch,23177,737,2325,2017-11-09,2611,0.89,1782,-211,141,0,
https://www.twitter.com/proova3,5,4,3,2019-02-24,2139,0.0,,,,,
https://twitter.com/quantica3d,110,92,155,2020-06-30,1647,0.09,58,-97,16,0,
https://twitter.com/quofox,152,330,471,2015-05-07,3528,0.13,3,-6,0,-1,
https://twitter.com/PractixIW,67,160,92,2016-06-03,3135,0.03,2,-2,0,0,
https://twitter.com/quantistry,315,691,44,2018-08-01,2346,0.02,,,,,
https://www.twitter.com/printmate_de,205,205,506,2015-02-19,3605,0.14,2,-5,0,-1,
https://twitter.com/omniusHQ,1005,2155,1057,2016-11-04,2981,0.35,47,-63,9,-2,
https://twitter.com/qreuz_com,,,,,,,,,,,Failed after proxy rotation
https://twitter.com/quorumcontrol,131,119,162,2016-03-20,3210,0.05,,,,,
https://twitter.com/hashtag/prodisfy,,,,,,,,,,,Failed after proxy rotation
https://twitter.com/recaregmbh?lang=en,228,146,99,2019-03-13,2122,0.05,12,-9,1,-2,
https://twitter.com/rec_tag,36,264,108,2019-04-03,2101,0.05,2,-1,0,0,
https://twitter.com/r3coms,242,242,661,2015-09-08,3404,0.19,4,-6,16,-3,
https://twitter.com/realxdata,82,5,9,2016-11-23,2962,0.0,2,-4,0,0,
https://www.twitter.com/releva_nz,78,242,151,2016-09-01,3045,0.05,6,-10,0,-1,
https://twitter.com/qunomedical,441,518,287,2017-08-14,2698,0.11,12,-20,5,-1,
https://www.twitter.com/qvsta,,,,,,,,,,,Failed after proxy rotation
https://twitter.com/realities_io,3197,109,758,2014-09-07,3770,0.2,172,-63,30,-3,
https://twitter.com/resonanzenergy,11,42,46,2022-09-05,850,0.05,9,-10,0,0,
https://twitter.com/LetsRemagine,133,67,218,2020-10-05,1550,0.14,12,-20,0,0,
https://twitter.com/remoteplatz,446,71,172,2009-05-03,5723,0.03,,,,,
https://twitter.com/remindmede,28,21,56,2017-04-05,2829,0.02,1,-2,0,0,
https://twitter.com/RemodBerlin,492,1335,117,2015-07-06,3468,0.03,3,-7,0,-1,
https://twitter.com/RemoteMore,299,857,218,2018-04-10,2459,0.09,12,-27,13,-1,
https://twitter.com/rosegardenmag,470,528,1923,2012-12-14,4402,0.44,1,-9,0,-9,
https://twitter.com/ROOBEO_GmbH,53,75,73,2018-04-04,2465,0.03,1,-1,0,0,
https://www.twitter.com/retimegmbh,126,278,77,2016-06-23,3115,0.02,4,-6,0,-1,
https://twitter.com/roykombucha?lang=en,23,1,0,2019-09-16,1935,0.0,1,-1,0,0,
https://www.twitter.com/ruumapp,669,247,544,2016-09-15,3031,0.18,3,-3,18,-1,
https://twitter.com/ridecapital/,104,119,48,2018-10-03,2283,0.02,5,-9,0,-1,
https://twitter.com/JuliaGebert,324,1525,96,2018-05-29,2410,0.04,18,-25,0,0,
https://twitter.com/SanityGroupEU,683,119,295,2020-01-20,1809,0.16,24,-26,10,0,
https://twitter.com/rowsHQ,7804,526,1880,2017-10-02,2649,0.71,1348,0,180,2,
https://twitter.com/runtimegg,10035,941,3623,2016-11-08,2977,1.22,2843,-196,301,-10,
https://x.com/sennderofficial,399,197,274,2020-03-27,1742,0.16,49,-11,21,-3,
https://twitter.com/share_Berlin,609,217,448,2017-03-13,2852,0.16,30,-15,58,-1,
https://twitter.com/getscavengar,,,,,,,,,,,Failed after proxy rotation
https://twitter.com/seniovo,,,,,,,,,,,Failed after proxy rotation
https://twitter.com/spone_tweets,,,,,,,,,,,Failed after proxy rotation
https://www.twitter.com/sciflow_net,256,293,343,2016-05-25,3144,0.11,8,-10,7,1,
https://twitter.com/shelf_network,341,793,91,2018-02-20,2508,0.04,18,-33,2,0,
https://twitter.com/SharpistGlobal,40,0,3,2020-03-17,1752,0.0,7,-1,1,0,
https://twitter.com/showheroesgroup,134,85,587,2016-03-13,3217,0.18,7,-12,14,-1,
https://twitter.com/simplifa,167,217,140,2018-06-13,2395,0.06,5,-5,12,-1,
https://twitter.com/TheShotcallerGG,3050,98,1845,2017-06-10,2763,0.67,-6,-77,0,-2,
https://twitter.com/SIUT_Beton,137,122,66,2016-04-07,3192,0.02,2,-2,1,0,
https://twitter.com/SignatrixAI,17,0,6,2019-04-18,2086,0.0,4,-1,0,0,
https://twitter.com/shipwiseco,,,,,,,,,,,Failed after proxy rotation
https://twitter.com/softr_io,14743,721,5281,2020-02-11,1787,2.96,858,-41,212,20,
https://twitter.com/12traits,128,99,88,2018-01-25,2534,0.03,5,-21,0,0,
https://twitter.com/Simplaex,299,1453,257,2015-12-02,3319,0.08,15,-43,0,-1,
https://twitter.com/SizolutionAI,4,0,0,2019-06-17,2026,0.0,0,-1,0,0,
https://twitter.com/solar_out_media,563,292,1540,2016-06-26,3112,0.49,19,-29,27,0,
https://twitter.com/soba_xyz,3266,142,129,2021-09-28,1192,0.11,470,-69,11,0,
https://twitter.com/skychargeDE,2973,1740,1243,2013-08-09,4164,0.3,15,-43,7,-5,
https://www.twitter.com/solarisbank,,,,,,,,,,,Failed after proxy rotation
https://www.twitter.com/sqetcheurope,110,183,463,2015-10-02,3380,0.14,1,-2,0,-1,
https://twitter.com/getskip_,,,,,,,,,,,Failed after proxy rotation
https://twitter.com/solvemate_HQ,,,,,,,,,,,Failed after proxy rotation
https://twitter.com/sponsokit?lang=en,77,114,353,2015-06-03,3501,0.1,3,-6,0,0,
https://twitter.com/SPREADai,72,149,108,2019-05-17,2057,0.05,9,-2,10,0,
https://twitter.com/SpooningCookie,139,80,126,2018-08-13,2334,0.05,14,-19,38,-1,
https://twitter.com/StackFuelHQ,117,101,74,2018-02-21,2507,0.03,1,-1,1,-1,
https://mobile.twitter.com/sqinapp,,,,,,,,,,,Failed after proxy rotation
https://twitter.com/mysolytic,139,225,62,2017-07-28,2715,0.02,1,-2,0,0,
https://twitter.com/startupinsid_er,10237,1413,3277,2012-02-21,4699,0.7,65,-130,11,-28,
https://www.twitter.com/swocket,215,418,343,2015-01-30,3625,0.09,1,-3,1,-3,
https://twitter.com/superizzyai,186,340,206,2016-03-20,3210,0.06,2,-3,0,-1,
https://twitter.com/Taledocom,1382,204,2530,2015-03-05,3591,0.7,7,-19,7,-1,
https://twitter.com/TalonOne,286,296,246,2017-04-07,2827,0.09,14,-25,13,-1,
https://twitter.com/synergist_io,432,2293,119,2015-05-26,3509,0.03,22,-45,0,-1,
https://twitter.com/stomt,354,520,1045,2012-01-31,4720,0.22,4,-4,5,-7,
https://twitter.com/techgdpr,490,219,525,2017-12-13,2577,0.2,,,,,
https://twitter.com/joinsteady,,,,,,,,,,,Failed after proxy rotation
https://twitter.com/testxchangeHQ,49,310,266,2017-08-15,2697,0.1,,,,,
https://twitter.com/tellonym?lang=en,23202,2,527,2016-04-03,3196,0.16,381,56,19,-1,
https://twitter.com/wearethinkit,155,200,227,2017-09-07,2674,0.08,7,-17,16,0,
https://twitter.com/female_company?lang=en,391,245,78,2018-01-03,2556,0.03,14,-16,0,-2,
https://twitter.com/tapglue,1079,1173,323,2015-01-04,3651,0.09,5,-23,0,-1,
https://www.twitter.com/thebinaschool,173,348,362,2020-06-10,1667,0.22,5,-6,8,0,
https://www.twitter.com/tandemhq,,,,,,,,,,,Failed after proxy rotation
https://twitter.com/theprepared,3734,246,2531,2008-05-14,6077,0.42,193,-123,130,-11,
https://twitter.com/tillhub_pos,98,193,154,2015-10-12,3370,0.05,,,,,
https://www.twitter.com/timbleus,73,137,356,2015-08-02,3441,0.1,3,-6,0,-2,
https://twitter.com/tourlane_dev,69,26,20,2017-11-25,2595,0.01,2,-2,0,0,
https://twitter.com/tnxlogistics,147,227,139,2016-07-13,3095,0.04,4,-4,0,0,
https://twitter.com/tomorrowbio,1329,279,1695,2020-08-05,1611,1.05,3,-48,3,-48,
https://twitter.com/thryve_health,208,78,39,2018-04-09,2460,0.02,4,-5,1,0,
https://twitter.com/treffen18,9,20,27,2019-04-10,2094,0.01,2,-3,0,0,
https://twitter.com/traderepublicDE,6,1,1,2024-08-01,154,0.01,0,0,0,0,
https://twitter.com/timelessinvest_,,,,,,,,,,,Failed after proxy rotation
https://twitter.com/Trueken_DE,17,38,7,2018-05-03,2436,0.0,1,-1,0,0,
https://twitter.com/tierscooters,,,,,,,,,,,Failed after proxy rotation
https://twitter.com/ultiai,716,177,612,2016-09-21,3025,0.2,62,-12,31,-2,
http://twitter.com/uberchord,2038,1920,1107,2013-11-09,4072,0.27,2,-42,3,-1,
https://www.twitter.com/twentybn,1174,618,507,2016-05-11,3158,0.16,119,-65,8,-3,
https://twitter.com/digitaltwinn,82,32,201,2018-02-13,2515,0.08,15,-5,7,-2,
https://twitter.com/UnicornBerlin,1031,768,1442,2015-08-31,3412,0.42,3,-11,2,-5,
https://twitter.com/upvest,707,155,226,2017-12-20,2570,0.09,109,-6,18,-6,
https://www.twitter.com/twylahelps,,,,,,,,,,,Failed after proxy rotation
https://twitter.com/vay_io,242,79,48,2021-07-20,1262,0.04,38,-42,5,-1,
https://twitter.com/vaitrade,149,717,352,2017-08-04,2708,0.13,15,-24,8,-1,
https://twitter.com/valsight,140,132,219,2015-01-29,3626,0.06,6,-10,0,-3,
https://twitter.com/vara_ai,255,738,94,2019-11-18,1872,0.05,11,-22,10,0,
https://twitter.com/vehiculumcoin,19,11,3,2018-08-03,2344,0.0,1,-1,0,0,
https://www.twitter.com/uniwhere,275,0,0,2013-03-24,4302,0.0,9,-8,0,0,
https://twitter.com/VAHAzone,,,,,,,,,,,Failed after proxy rotation
https://twitter.com/valendoDE,,,,,,,,,,,Failed after proxy rotation
https://www.twitter.com/urbchallenger,36,152,86,2015-12-06,3315,0.03,,,,,
https://twitter.com/Urban_Ground_DE,,,,,,,,,,,Failed after proxy rotation
https://twitter.com/VERIMI_Now,1114,161,853,2017-12-07,2583,0.33,24,-14,7,-2,
https://twitter.com/verne_ai,10,54,3,2017-09-13,2668,0.0,3,-1,0,0,
https://twitter.com/vermietet,184,196,14,2016-09-25,3021,0.0,14,-12,0,-2,
https://twitter.com/VERITASesports1,292,94,513,2017-09-20,2661,0.19,87,-7,5,-3,
https://twitter.com/viomedo,231,18,130,2016-01-08,3282,0.04,3,-5,0,-1,
https://twitter.com/veyocare,11,50,2,2015-07-31,3443,0.0,8,-5,0,0,
https://twitter.com/vivirahealth,92,153,66,2017-03-14,2851,0.02,18,-12,9,-1,
https://twitter.com/vetevo_de,44,1,16,2017-03-17,2848,0.01,4,-2,6,0,
https://twitter.com/VeronymCSSP,17,0,0,2018-08-20,2327,0.0,3,-2,0,0,
https://twitter.com/weare_rooms,47,108,186,2018-04-24,2445,0.08,1,-1,0,0,
http://twitter.com/whoelseai,140,1946,307,2019-06-25,2018,0.15,25,-46,0,-1,
https://twitter.com/wondder_berlin,6,36,0,2021-06-24,1288,0.0,,,,,
https://twitter.com/weps_official,571,255,175,2016-03-14,3216,0.05,14,-46,0,-1,
https://twitter.com/WakuRobotics,340,168,153,2017-06-29,2744,0.06,12,-15,0,-2,
https://twitter.com/wefoxhq,1709,1868,657,2015-04-08,3557,0.18,93,-8,2,-12,
https://twitter.com/adoptwombat,58915,458,4391,2019-05-21,2053,2.14,10681,-2042,330,6,
https://twitter.com/volders,271,406,855,2014-01-22,3998,0.21,5,-6,2,-7,
https://twitter.com/watchmaster,666,197,3076,2015-06-01,3503,0.88,35,-19,140,-1,
https://www.twitter.com/wellnowapp,,,,,,,,,,,Failed after proxy rotation
https://twitter.com/xbirdhealth?lang=en,557,428,1097,2015-08-13,3430,0.32,1,-2,0,-1,
https://twitter.com/worldcoin,452008,65,2563,2009-08-30,5604,0.46,112187,-517,175,0,
https://twitter.com/xolo3D,616,569,120,2020-10-05,1550,0.08,27,-20,13,-3,
https://twitter.com/workist_com,33,12,7,2019-02-11,2152,0.0,12,-8,0,0,
https://twitter.com/wundertax,142,42,654,2017-04-04,2830,0.23,14,-4,104,0,
https://twitter.com/yptokey,20,5,3,2018-09-20,2296,0.0,1,-1,0,0,
https://twitter.com/xircles_tech?lang=en,,,,,,,,,,,Failed after proxy rotation
https://twitter.com/yeay_tv,,,,,,,,,,,Failed after proxy rotation
https://twitter.com/zeitgold,86,5,13,2017-08-12,2700,0.0,1,-3,0,0,
https://www.twitter.com/zenjobcom,600,268,231,2016-03-19,3211,0.07,13,-4,7,-4,
https://twitter.com/zenloop_com,10,0,0,2018-02-26,2502,0.0,1,-1,0,0,
https://twitter.com/YaakTech,,,,,,,,,,,Failed after proxy rotation
https://twitter.com/Zinsbaustein,432,329,581,2016-03-14,3216,0.18,1,-6,1,-6,
https://www.twitter.com/5analytics,0,0,0,2022-10-31,794,0.0,0,0,0,0,
https://twitter.com/zksystems,116,93,110,2018-07-05,2373,0.05,3,-3,0,-1,
https://twitter.com/retromotion_com,266,1082,108,2016-06-07,3131,0.03,,,,,
https://twitter.com/zolar_de,592,293,1006,2017-04-25,2809,0.36,33,-10,45,-2,
https://twitter.com/asvin_iot,2820,2159,3283,2017-11-19,2601,1.26,23,-68,39,-2,
https://www.twitter.com/aervideo,224,57,356,2016-04-23,3176,0.11,5,-6,31,-1,
https://twitter.com/aucoboGmbH,119,25,308,2016-11-09,2976,0.1,3,-3,10,-2,
https://twitter.com/caisyio,1092,174,9838,2021-02-02,1430,6.88,166,-86,679,-37,
https://twitter.com/CourseYard,168,1190,10,2014-09-30,3747,0.0,26,-51,0,0,
https://twitter.com/coinsbee,15456,489,2494,2019-06-27,2016,1.24,640,-507,99,23,
https://twitter.com/axsemantics,737,488,2523,2012-01-24,4727,0.53,9,-21,15,-8,
https://twitter.com/datazoode,,,,,,,,,,,Failed after proxy rotation
https://twitter.com/ZalvusRecruit,300,817,817,2014-12-29,3657,0.22,12,-16,36,0,
https://twitter.com/instagridco,,,,,,,,,,,Failed after proxy rotation
https://twitter.com/fraesen_online,70,92,115,2019-11-25,1865,0.06,4,-4,1,0,
https://twitter.com/laserhub_gmbh/,232,185,601,2017-08-31,2681,0.22,1,-5,0,-1,
https://www.twitter.com/Crypt0Captain,151,265,1372,2020-03-12,1757,0.78,,,,,
https://twitter.com/makersite,535,720,1791,2016-04-20,3179,0.56,18,-23,5,-3,
https://twitter.com/ncvisiongmbh,12,4,860,2020-03-10,1759,0.49,10,-6,23,0,
https://twitter.com/pkbrd,94,35,530,2016-04-16,3183,0.17,,,,,
https://twitter.com/flipappde,,,,,,,,,,,Failed after proxy rotation
https://twitter.com/smarking,0,0,5,2009-02-27,5788,0.0,0,-1,0,0,
https://twitter.com/SwarmLogistics,966,497,209,2015-09-02,3410,0.06,57,-25,11,0,
https://twitter.com/vialytics,227,239,371,2018-06-18,2390,0.16,8,-11,11,0,
https://twitter.com/segautomotive?lang=en,322,367,191,2019-03-21,2114,0.09,20,-13,4,-1,
https://twitter.com/yolifeapp,52,75,639,2018-04-25,2444,0.26,6,-7,31,-1,
https://twitter.com/wildfyreapp,2102,14,180,2016-11-20,2965,0.06,-1,-51,1,-5,
https://twitter.com/reparandogmbh,,,,,,,,,,,Failed after proxy rotation
https://twitter.com/123fahrschule?lang=de,30,16,304,2017-06-26,2747,0.11,2,-1,1,-2,
https://twitter.com/bioechols,81,21,60,2016-11-09,2976,0.02,,,,,
https://twitter.com/bongourapp,32,52,438,2017-01-28,2896,0.15,8,-3,0,0,
https://twitter.com/tsensoCom,,,,,,,,,,,Failed after proxy rotation
https://twitter.com/aiconix_ai,151,113,281,2017-05-22,2782,0.1,13,-14,24,-1,
https://twitter.com/case_score,235,415,688,2016-02-05,3254,0.21,1,-5,0,-1,
https://twitter.com/1NCE_IoT,780,156,822,2018-02-14,2514,0.33,54,-10,26,0,
https://twitter.com/Cannamedical_de,362,31,82,2017-08-07,2705,0.03,55,-3,7,-1,
https://twitter.com/autlay,,,,,,,,,,,Failed after proxy rotation
https://twitter.com/dropfriends,49,102,92,2019-10-22,1899,0.05,0,-1,0,-1,
https://x.com/deeplcom,19203,89,568,2018-02-01,2527,0.22,1409,-26,54,0,
https://twitter.com/enermeterDE?lang=de,53,163,42,2017-08-30,2682,0.02,,,,,
https://twitter.com/freightly,57,137,33,2015-01-26,3629,0.01,4,-7,0,0,
https://twitter.com/flowtify,266,220,4553,2010-08-12,5257,0.87,3,-4,24,-68,
https://twitter.com/HackerThinking,,,,,,,,,,,Failed after proxy rotation
https://twitter.com/envelio,283,96,199,2017-03-01,2864,0.07,8,-7,2,-3,
https://twitter.com/home_ix,,,,,,,,,,,Failed after proxy rotation
https://www.twitter.com/heysite,714,2700,394,2016-03-31,3199,0.12,,,,,
https://twitter.com/einhundert_cgn,,,,,,,,,,,Failed after proxy rotation
https://twitter.com/GeoPardAgri,1130,3903,620,2019-08-30,1952,0.32,33,-25,54,0,
https://twitter.com/KerberosAML,20,19,43,2021-04-12,1361,0.03,2,-1,0,0,
https://twitter.com/impect_official,4924,129,477,2016-06-12,3126,0.15,273,-36,44,-2,
https://twitter.com/kyp_ai?lang=en,47,46,200,2021-10-09,1181,0.17,0,-29,0,-29,
https://twitter.com/howfmHQ,43,45,56,2019-09-23,1928,0.03,3,-2,11,-3,
https://twitter.com/myschleppapp,66,165,356,2016-07-02,3106,0.11,1,-3,1,-3,
https://www.twitter.com/odoscope,1292,1344,3667,2010-02-22,5428,0.68,,,,,
https://twitter.com/MINDZEIT_app,66,288,150,2019-05-09,2065,0.07,13,-33,4,-2,
https://twitter.com/niostem,226,158,156,2019-11-10,1880,0.08,25,-28,25,0,
https://twitter.com/nomooicecream,4,9,0,2018-04-25,2444,0.0,0,-1,0,0,
https://twitter.com/plastic2b,22,21,43,2019-03-04,2131,0.02,0,-1,0,-1,
https://twitter.com/mecorad_cologne,,,,,,,,,,,Failed after proxy rotation
https://twitter.com/prommpt,22,177,38,2017-05-03,2801,0.01,3,-1,0,0,
https://twitter.com/Radbonus,1479,747,2082,2015-07-22,3452,0.6,4,-19,0,-3,
https://twitter.com/sharednc,215,225,322,2015-09-11,3401,0.09,,,,,
https://twitter.com/sosafesecurity,944,1192,1683,2018-03-05,2495,0.67,13,-18,10,-2,
https://twitter.com/rise_techn,124,147,321,2015-09-13,3399,0.09,2,-4,0,-1,
https://twitter.com/mailo_ag,325,231,261,2018-02-22,2506,0.1,3,-7,1,-3,
https://twitter.com/myvytal,440,127,246,2019-06-24,2019,0.12,76,-8,4,-2,
https://www.twitter.com/vire,273,164,53,2016-02-12,3247,0.02,8,-15,0,0,
https://www.twitter.com/resmenthr,,,,,,,,,,,Failed after proxy rotation
https://twitter.com/25friendsapp,3,33,6,2017-01-13,2911,0.0,0,-1,0,0,
https://twitter.com/FLFPRODUCT,1038,2812,3894,2009-06-15,5680,0.69,31,-16,77,-2,
https://twitter.com/shareacamper,,,,,,,,,,,Failed after proxy rotation
https://www.twitter.com/adtriba,287,592,1102,2015-02-17,3607,0.31,,,,,
https://www.twitter.com/airfocus,1652,1479,1972,2016-01-10,3280,0.6,27,-72,23,-24,
https://twitter.com/ahead_nutrition,8,0,0,2017-09-18,2663,0.0,0,-1,0,0,
https://twitter.com/ARTMO_,2266,1858,1763,2017-06-03,2770,0.64,37,-56,42,0,
https://twitter.com/applike,91,119,32,2019-08-22,1960,0.02,14,-16,0,0,
https://twitter.com/apoqlar?lang=en,214,101,130,2018-08-15,2332,0.06,5,-5,0,-1,
https://twitter.com/boxxport,69,133,586,2019-04-29,2075,0.28,0,0,0,0,
https://twitter.com/projectbreeze,375,34,285,2015-02-03,3621,0.08,2,-6,0,-3,
https://twitter.com/cellmatiq,63,67,135,2017-01-16,2908,0.05,,,,,
https://twitter.com/asapishere,,,,,,,,,,,Failed after proxy rotation
https://twitter.com/Breakpointtx,177,3,24,2019-04-02,2102,0.01,5,-2,2,0,
https://twitter.com/hashtag/attenio,,,,,,,,,,,Failed after proxy rotation
http://www.twitter.com/blockchance_,4479,1207,2951,2018-01-29,2530,1.17,793,-89,234,-4,
https://twitter.com/awork_io,,,,,,,,,,,Failed after proxy rotation
https://twitter.com/caracarehealth,1240,1715,487,2015-05-10,3525,0.14,17,-47,7,-3,
https://twitter.com/comydo_com,47,31,31,2016-02-10,3249,0.01,,,,,
https://twitter.com/digitalheads1,280,260,2314,2016-07-01,3107,0.74,-6,-6,0,0,
https://twitter.com/cybus_io,444,424,1140,2014-09-10,3767,0.3,9,-19,4,-2,
https://twitter.com/cir_plus,479,308,533,2018-12-06,2219,0.24,32,-32,23,-6,
https://twitter.com/Cherrydeckapp,125,102,92,2017-11-20,2600,0.04,3,-7,0,-1,
https://twitter.com/cu_finder,80,20,293,2022-01-30,1068,0.27,1,0,1,0,
https://twitter.com/thecondogroup,92,0,8,2009-09-21,5582,0.0,0,0,0,0,
https://twitter.com/futtercheck,,,,,,,,,,,Failed after proxy rotation
https://twitter.com/dein_enyway,441,83,167,2017-11-03,2617,0.06,-8,-8,0,0,
https://www.twitter.com/flitslive,91,41,16,2015-03-23,3573,0.0,3,-2,0,-1,
https://twitter.com/frischeposthh?lang=de,211,155,111,2015-02-24,3600,0.03,1,-3,0,0,
https://twitter.com/emporiumvc,153,727,26,2018-12-23,2202,0.01,30,-69,0,0,
https://twitter.com/everydapp,162,58,99,2018-04-11,2458,0.04,3,-3,0,-4,
https://twitter.com/etvasgmbh,18,153,28,2020-01-17,1812,0.02,4,-5,0,-2,
https://twitter.com/foodguideapp?lang=en,94,146,62,2016-05-31,3138,0.02,2,-2,0,-2,
https://twitter.com/ChallengeCupTV,410,192,561,2016-11-03,2982,0.19,305,-26,95,-2,
https://www.twitter.com/geschenkede,369,69,470,2009-05-04,5722,0.08,3,-4,0,-1,
https://twitter.com/helloguide_ai?lang=en,62,83,86,2017-05-15,2789,0.03,1,-2,1,-2,
https://twitter.com/heldende_,274,778,184,2015-10-29,3353,0.05,,,,,
https://twitter.com/gitmate_io,96,3,149,2015-12-01,3320,0.04,0,0,0,0,
https://twitter.com/iubel_de,259,128,228,2012-07-18,4551,0.05,1,-3,0,-10,
https://twitter.com/hyconnect?ref_src=twsrc%5Egoogle%7Ctwcamp%5Eserp%7Ctwgr%5Eauthor,260,336,293,2017-12-07,2583,0.11,10,-14,0,0,
https://www.twitter.com/kubermatic,2971,2554,2238,2015-09-10,3402,0.66,94,76,75,71,
https://twitter.com/JobMatchMe,54,55,164,2017-06-27,2746,0.06,1,-2,0,-1,
https://twitter.com/exponentaio,,,,,,,,,,,Failed after proxy rotation
https://twitter.com/leadvolution,4,0,0,2020-03-31,1738,0.0,0,0,0,0,
https://x.com/Horse_Analytics,72,69,84,2016-07-15,3093,0.03,0,-4,0,0,
https://www.twitter.com/kaleandmehh,105,10,12,2015-09-14,3398,0.0,1,-3,0,0,
https://twitter.com/localyze_team,355,620,268,2018-05-17,2422,0.11,36,-64,17,-2,
https://twitter.com/mondosano,29,36,16,2016-05-06,3163,0.01,,,,,
https://twitter.com/loxonet,13,27,51,2018-10-19,2267,0.02,,,,,
https://twitter.com/motiontoolshq,71,82,56,2017-09-14,2667,0.02,1,-13,1,-13,
https://twitter.com/movematesde,19,8,23,2016-06-09,3129,0.01,,,,,
https://twitter.com/heldenkombinat/,,,,,,,,,,,Failed after proxy rotation
https://twitter.com/musicube_tech,64,177,147,2020-03-10,1759,0.08,15,-24,2,-2,
https://twitter.com/moovin_de,281,264,371,2012-02-14,4706,0.08,6,-6,0,-8,
https://twitter.com/mylilyorganic,300,693,53,2018-01-23,2536,0.02,2,-6,0,0,
https://twitter.com/nautiluslog,149,89,216,2017-10-12,2639,0.08,1,-7,0,-4,
https://twitter.com/nagainvesting,59,265,18,2021-04-24,1349,0.01,8,-17,0,0,
https://twitter.com/noventicgroup,1027,876,605,2017-09-29,2652,0.23,,,,,
https://twitter.com/NiceToNectYou,604,84,561,2016-10-05,3011,0.19,3,-6,3,-7,
https://twitter.com/io_matched,507,1489,736,2018-10-12,2274,0.32,14,-16,1,0,
https://twitter.com/mellowboards,1709,171,2269,2015-05-03,3532,0.64,3,-24,1,-22,
https://twitter.com/oak25tweets,23,0,3,2018-11-29,2226,0.0,,,,,
https://twitter.com/nuwielcity,480,273,186,2016-06-02,3136,0.06,5,-9,0,0,
https://twitter.com/pzerogames,64,85,87,2013-01-17,4368,0.02,1,-2,1,-1,
https://www.twitter.com/ovyapp,61,197,156,2016-01-18,3272,0.05,6,-3,0,-1,
https://twitter.com/pydroenergy,117,752,275,2016-05-20,3149,0.09,0,-2,0,-13,
https://www.twitter.com/penseo_bav,77,61,73,2017-06-21,2752,0.03,5,-3,0,-1,
https://twitter.com/NovoCarbo,672,990,283,2021-05-03,1340,0.21,39,-65,15,-5,
https://www.twitter.com/nqyer_official,66,207,72,2015-06-17,3487,0.02,5,-3,0,-1,
https://twitter.com/oxandel,,,,,,,,,,,Failed after proxy rotation
https://twitter.com/recalm_me,,,,,,,,,,,Failed after proxy rotation
https://twitter.com/sleekshop,40,30,216,2015-10-22,3360,0.06,1,-1,0,0,
https://twitter.com/ResourcifyGmbH,250,258,319,2015-05-31,3504,0.09,17,-32,0,-5,
https://twitter.com/receeve,139,14,293,2018-12-31,2194,0.13,11,-3,14,0,
https://twitter.com/sharemagazines,225,302,1135,2014-09-17,3760,0.3,35,-10,25,2,
https://twitter.com/Smobapp,20,60,17,2016-06-23,3115,0.01,0,0,0,0,
https://www.twitter.com/squarelovin,323,94,631,2015-01-29,3626,0.17,6,-6,21,-1,
https://twitter.com/risk42software,,,,,,,,,,,Failed after proxy rotation
https://twitter.com/@shelfsailor,,,,,,,,,,,Failed after proxy rotation
https://twitter.com/sympatient,111,22,18,2017-10-05,2646,0.01,2,-2,2,-2,
https://twitter.com/Reos_digital,,,,,,,,,,,Failed after proxy rotation
https://twitter.com/SviperGames,451,6,10,2016-06-10,3128,0.0,686,-50,1,0,
https://twitter.com/tenzir_company,227,96,208,2018-01-24,2535,0.08,19,-2,12,-1,
https://twitter.com/thenagagroup,1959,79,102,2015-10-12,3370,0.03,11,-28,0,-1,
https://twitter.com/taxdoo,245,62,871,2016-06-24,3114,0.28,13,-3,42,0,
https://twitter.com/SUPER_ETAGE,,,,,,,,,,,Failed after proxy rotation
https://twitter.com/tdistriqt,21,39,7,2018-07-20,2358,0.0,2,-1,0,-1,
https://twitter.com/_uptain,48,90,115,2017-01-19,2905,0.04,1,-1,0,-1,
https://twitter.com/tourscanner_com,117,198,958,2017-12-14,2576,0.37,17,-10,145,0,
https://twitter.com/verlingoDE,40,64,45,2018-10-15,2271,0.02,0,0,0,0,
https://twitter.com/uventions,33,33,127,2019-10-25,1896,0.07,15,-22,6,0,
https://twitter.com/YOBO_App,80,781,99,2016-11-29,2956,0.03,12,-16,0,0,
https://twitter.com/wladvisory,25,44,529,2019-10-18,1903,0.28,2,-1,26,5,
https://twitter.com/wetterheld,53,69,72,2019-09-30,1921,0.04,23,-42,10,0,
https://twitter.com/XCharge_europe,38,50,115,2022-09-26,829,0.14,,,,,
https://twitter.com/visable_company,897,328,1396,2009-04-09,5747,0.24,7,-13,10,-3,
https://twitter.com/axinosolutions,9,0,12,2018-02-14,2514,0.0,,,,,
https://twitter.com/energycortex?lang=de,54,38,51,2018-03-06,2494,0.02,0,0,0,0,
https://twitter.com/clinomicai,110,94,343,2019-01-23,2171,0.16,1,-2,7,-2,
https://twitter.com/crop_zone,46,0,2,2020-01-17,1812,0.0,1,-1,0,0,
https://twitter.com/ducktrain_io,181,96,100,2018-12-07,2218,0.05,13,-13,0,-4,
https://twitter.com/greenbimlabs,36,57,20,2014-02-20,3969,0.01,1,-2,0,0,
https://twitter.com/gridhound,134,125,173,2017-09-12,2669,0.06,1,-1,1,-1,
https://twitter.com/tomorrow_bank,,,,,,,,,,,Failed after proxy rotation
https://www.twitter.com/getgridx,1006,611,1303,2016-04-03,3196,0.41,47,-51,107,0,
https://twitter.com/innoloft_net,1066,849,1170,2015-10-10,3372,0.35,,,,,
https://twitter.com/cutnut_official,,,,,,,,,,,Failed after proxy rotation
https://twitter.com/eGO_Mobile_AG,,,,,,,,,,,Failed after proxy rotation
https://twitter.com/saym_io,102,438,169,2018-03-01,2499,0.07,4,-2,0,-2,
https://twitter.com/is_it_fresh,19,58,16,2017-08-24,2688,0.01,2,-4,0,0,
https://twitter.com/peragraft,26,102,1,2019-12-16,1844,0.0,,,,,
https://www.twitter.com/trinkkost,69,298,71,2015-07-18,3456,0.02,4,-4,0,-1,
https://twitter.com/the_mosaeek,492,0,254,2016-04-07,3192,0.08,257,-9,28,0,
https://twitter.com/taxy_io,232,482,786,2018-04-02,2467,0.32,29,-42,104,-8,
https://twitter.com/Mysoons1,,,,,,,,,,,Failed after proxy rotation
