url,company_id,followers,employeeCount,employeeCountRange,employeeCountRangeMin,employeeCountRangeMax,error
https://www.linkedin.com/company/123makler,7937004,259,1,11-50,11,50,
https://www.linkedin.com/company/12k-research-ug-haftungsbeschr√§nkt-,6578918,66,0,2-10,2,10,
https://www.linkedin.com/company/3gproxy/,18179248,231,9,11-50,11,50,
https://www.linkedin.com/company/5thindustry/about/,12582114,1859,6,11-50,11,50,
https://www.linkedin.com/company/7fields/,13046303,1917,11,11-50,11,50,
https://www.linkedin.com/company/14038913/,14038913,5064,42,11-50,11,50,
https://www.linkedin.com/company/aaron-gmbh/,6583263,3216,84,51-200,51,200,
https://www.linkedin.com/company/aazzur/about/,27012107,3221,21,11-50,11,50,
https://www.linkedin.com/company/abatonhealth/,10141296,9,0,2-10,2,10,
https://www.linkedin.com/company/11145082/,OFFLINE,OFFLINE,OFFLINE,OFFLINE,OFFLINE,OFFLINE,
https://www.linkedin.com/company/myablefy/,6601019,19087,131,51-200,51,200,
https://www.linkedin.com/company/acatus-gmbh/,18038612,709,5,11-50,11,50,
https://www.linkedin.com/company/actiodaily,37010575,1852,18,11-50,11,50,
https://www.linkedin.com/company/adaptant-solutions-ag/,10165372,192,5,2-10,2,10,
https://www.linkedin.com/company/blockchainag,18288423,4762,13,11-50,11,50,
https://www.linkedin.com/company/aeyde-gmbh/,10193031,7689,47,11-50,11,50,
https://www.linkedin.com/company/affilimate/,28916955,673,6,2-10,2,10,
https://www.linkedin.com/company/afilio-gmbh,18539325,1219,38,51-200,51,200,
https://www.linkedin.com/company/agentsdotinc/,17888965,583,11,11-50,11,50,
https://www.linkedin.com/company/agranimo/,10318013,1592,10,2-10,2,10,
https://www.linkedin.com/company/agrivero-ai,73942727,331,4,2-10,2,10,
https://www.linkedin.com/company/ai4medicine/about/,12666278,632,2,2-10,2,10,
https://in.linkedin.com/company/aicura-medical,12601365,1143,14,11-50,11,50,
https://www.linkedin.com/company/aignostics/,14829209,6980,117,51-200,51,200,
https://www.linkedin.com/company/aipark-gmbh,11360442,2235,39,11-50,11,50,
https://www.linkedin.com/company/airfarm/,35615096,1094,7,11-50,11,50,
https://www.linkedin.com/company/10609446,10609446,3181,20,11-50,11,50,
https://www.linkedin.com/company/airstage,18247320,164,7,11-50,11,50,
https://www.linkedin.com/company/airteamaerialintelligence/,10652059,2380,50,11-50,11,50,
https://www.linkedin.com/company/airvting/,30200582,113,1,2-10,2,10,
https://www.linkedin.com/company/aisight/,12985568,6489,36,51-200,51,200,
https://www.linkedin.com/company/alcemy-tech,13974982,7384,68,51-200,51,200,
https://www.linkedin.com/company/algaeing/,71240338,3456,18,11-50,11,50,
https://www.linkedin.com/company/35640442/admin/,35640442,384,3,2-10,2,10,
https://www.linkedin.com/company/18245070,101785703,66,22,51-200,51,200,
https://www.linkedin.com/company/allvr,10471263,542,4,2-10,2,10,
https://www.linkedin.com/company/alphin,11118338,3100,44,51-200,51,200,
https://www.linkedin.com/company/18104096/,10080600,4787,9,2-10,2,10,
https://de.linkedin.com/company/amperecloud,15795321,2787,58,51-200,51,200,
https://www.linkedin.com/company/anyledger/,10134607,125,1,2-10,2,10,
https://www.linkedin.com/company/anytype,13989853,2399,272,11-50,11,50,
https://www.linkedin.com/company/apheris-ai,10549601,4945,34,11-50,11,50,
https://www.linkedin.com/company/apryl/,34610298,4716,9,11-50,11,50,
https://www.linkedin.com/company/aristander-ai/,14062348,93,3,2-10,2,10,
https://www.linkedin.com/company/artnight,OFFLINE,OFFLINE,OFFLINE,OFFLINE,OFFLINE,OFFLINE,
https://www.linkedin.com/company/17966629/,17966629,3341,30,11-50,11,50,
https://www.linkedin.com/company/askby-ai,18669713,114,1,2-10,2,10,
https://www.linkedin.com/company/assembly-net/,OFFLINE,OFFLINE,OFFLINE,OFFLINE,OFFLINE,OFFLINE,
https://www.linkedin.com/company/assistr-digital-health-systems-gmbh/,18435605,1522,27,11-50,11,50,
https://www.linkedin.com/company/42783906/admin/,42783906,157,2,2-10,2,10,
https://www.linkedin.com/company/atomleap,OFFLINE,OFFLINE,OFFLINE,OFFLINE,OFFLINE,OFFLINE,
https://www.linkedin.com/company/aucta,20111696,563,5,11-50,11,50,
https://www.linkedin.com/company/augmania,10375064,703,1,11-50,11,50,
https://www.linkedin.com/company/augmented-robotics,14054936,2769,21,11-50,11,50,
https://www.linkedin.com/company/auto1-group,10037458,99760,3702,5001-10000,5001,10000,
https://www.linkedin.com/company/automobiles-it-solutions-o%C3%BC,OFFLINE,OFFLINE,OFFLINE,OFFLINE,OFFLINE,OFFLINE,
https://www.linkedin.com/company/automate-estate,37831667,447,0,2-10,2,10,
https://www.linkedin.com/company/autumn,10540125,39,5,2-10,2,10,
https://www.linkedin.com/company/ave-edam,35447295,687,6,2-10,2,10,
https://www.linkedin.com/company/tobeaware/,19050292,4468,3,11-50,11,50,
https://www.linkedin.com/company/b2bfg,14797176,715,2,51-200,51,200,
https://www.linkedin.com/company/babelforce/,3278211,4782,38,11-50,11,50,
https://www.linkedin.com/company/backhq,11845851,2417,90,11-50,11,50,
https://www.linkedin.com/company/bambusio/,33230224,533,5,2-10,2,10,
https://www.linkedin.com/company/bananabeauty/,OFFLINE,OFFLINE,OFFLINE,OFFLINE,OFFLINE,OFFLINE,
https://www.linkedin.com/company/basking-workplace-analytics,27209165,2542,19,11-50,11,50,
https://www.linkedin.com/company/BayesEsports,13044587,4514,86,51-200,51,200,
https://www.linkedin.com/company/beadtech/,OFFLINE,OFFLINE,OFFLINE,OFFLINE,OFFLINE,OFFLINE,
https://www.linkedin.com/company/gritspot,18363575,5170,238,51-200,51,200,
https://linkedin.com/company/beazy,11830481,1860,13,11-50,11,50,
https://www.linkedin.com/company/becanex/,35684196,1173,12,11-50,11,50,
https://www.linkedin.com/company/beelinguapp,15230328,1261,16,11-50,11,50,
https://www.linkedin.com/company/beets&roots-gmbh/about/,10888974,1788,68,51-200,51,200,
https://www.linkedin.com/company/belyntic/about/,18101356,1390,2,2-10,2,10,
https://www.linkedin.com/company/ben-fleet-services-gmbh,OFFLINE,OFFLINE,OFFLINE,OFFLINE,OFFLINE,OFFLINE,
https://www.linkedin.com/company/berlingreen,11739665,2555,12,11-50,11,50,
https://www.linkedin.com/company/berlin-space-consortium,76163795,282,4,11-50,11,50,
https://www.linkedin.com/company/berliner-berg,6640668,661,11,11-50,11,50,
https://www.linkedin.com/company/12664482/admin/,12664482,1266,0,11-50,11,50,
https://www.linkedin.com/company/betriebsarztservice-holding-gmbh,11855040,632,27,51-200,51,200,
https://www.linkedin.com/company/better-at-home-service-gmbh,13036870,799,9,11-50,11,50,
https://www.linkedin.com/company/betteries/,26179862,4797,13,11-50,11,50,
https://www.linkedin.com/company/bike-id,OFFLINE,OFFLINE,OFFLINE,OFFLINE,OFFLINE,OFFLINE,
https://www.linkedin.com/company/billie.io,17984901,16851,158,51-200,51,200,
https://www.linkedin.com/company/biotx-ai/,11267235,2211,14,2-10,2,10,
https://www.linkedin.com/company/bliq-ai/,11360442,2235,39,11-50,11,50,
https://www.linkedin.com/in/joachimlohkamp,OFFLINE,OFFLINE,OFFLINE,OFFLINE,OFFLINE,OFFLINE,
https://www.linkedin.com/company/blok-z/,33193998,1894,11,11-50,11,50,
https://www.linkedin.com/company/18321948,18321948,432,6,2-10,2,10,
https://www.linkedin.com/company/bonebrox/about/,11822401,275,4,11-50,11,50,
https://www.linkedin.com/company/bonify-germany,10242908,5073,57,51-200,51,200,
https://www.linkedin.com/company/bookitgreen.com,OFFLINE,OFFLINE,OFFLINE,OFFLINE,OFFLINE,OFFLINE,
https://www.linkedin.com/company/boost-by-vlm-health/,OFFLINE,OFFLINE,OFFLINE,OFFLINE,OFFLINE,OFFLINE,
https://www.linkedin.com/company/bosqueplants/,35673920,583,8,11-50,11,50,
https://www.linkedin.com/company/box-to-box-app/,18553350,1217,5,2-10,2,10,
https://www.linkedin.com/company/brandhouse-berlin/,87166329,116,3,11-50,11,50,
https://www.linkedin.com/company/breakthrough-health/,18563505,415,2,2-10,2,10,
https://www.linkedin.com/company/brighter-ai/,18144227,5686,32,11-50,11,50,
https://www.linkedin.com/company/brytergmbh/,18669053,14283,72,201-500,201,500,
https://www.linkedin.com/company/buckle-&-seam,15252990,1317,7,2-10,2,10,
https://www.linkedin.com/company/buying-show-gmbh,OFFLINE,OFFLINE,OFFLINE,OFFLINE,OFFLINE,OFFLINE,
https://www.linkedin.com/company/buzzbird-gmbh,17933648,1699,15,51-200,51,200,
https://www.linkedin.com/company/cabinone/,10149597,1571,23,11-50,11,50,
https://de.linkedin.com/company/cadeia-co,37796099,1797,15,2-10,2,10,
https://www.linkedin.com/company/candis-gmbh,9474511,8927,129,51-200,51,200,
https://www.linkedin.com/company/canostix,14813696,130,2,2-10,2,10,
https://www.linkedin.com/company/careloopio/,14808936,2429,32,11-50,11,50,
https://www.linkedin.com/company/careship,7324290,1941,41,11-50,11,50,
https://www.linkedin.com/company/cargoone/,27212483,22690,135,51-200,51,200,
https://www.linkedin.com/company/caronsale,65447451,4663,165,201-500,201,500,
https://www.linkedin.com/company/10474432,10474432,2727,11,51-200,51,200,
https://www.linkedin.com/company/caspar-health/,18258136,6040,107,51-200,51,200,
https://www.linkedin.com/company/getcaya/,25178025,1896,40,11-50,11,50,
https://www.linkedin.com/company/ceden/,18117560,85,4,11-50,11,50,
https://www.linkedin.com/company/cellbricks-gmbh,18551684,5290,27,11-50,11,50,
https://www.linkedin.com/company/chainwisegroup,18530899,2383,33,11-50,11,50,
https://www.linkedin.com/company/charles/about/,18521677,12360,100,51-200,51,200,
https://www.linkedin.com/company/charly-media,10645271,2371,105,51-200,51,200,
https://www.linkedin.com/company/10015627,10015627,110,1,2-10,2,10,
https://www.linkedin.com/company/checkly,18560588,8449,47,11-50,11,50,
https://www.linkedin.com/company/choco-app,37016901,30950,400,201-500,201,500,
https://www.linkedin.com/company/cycles-health,52115986,1418,6,2-10,2,10,
https://www.linkedin.com/company/18125546/,18125546,7839,151,51-200,51,200,
https://www.linkedin.com/company/citkar,OFFLINE,OFFLINE,OFFLINE,OFFLINE,OFFLINE,OFFLINE,
https://www.linkedin.com/company/civey,9396623,9358,72,51-200,51,200,
https://linkedin.com/company/civocracy,10258311,2276,13,2-10,2,10,
https://www.linkedin.com/company/clean-energy-global-gmbh/,13009725,806,8,2-10,2,10,
https://www.linkedin.com/company/clickclickdrive-gmbh/,13397170,236,20,51-200,51,200,
https://www.linkedin.com/company-beta/18061779/,,,,,,,Failed after proxy rotation
https://www.linkedin.com/company/clinc,OFFLINE,OFFLINE,OFFLINE,OFFLINE,OFFLINE,OFFLINE,
https://www.linkedin.com/company/cloudradar,18000365,306,2,11-50,11,50,
https://www.linkedin.com/company/clubio,3046732,193,4,2-10,2,10,
https://www.linkedin.com/company/cnc24/,11827857,1572,55,11-50,11,50,
https://www.linkedin.com/company/coachhub,11781525,97390,1222,201-500,201,500,
https://www.linkedin.com/company/codecks/,14793419,387,3,2-10,2,10,
https://www.linkedin.com/company/codecontrol,4840102,3233,22,11-50,11,50,
https://www.linkedin.com/company/13000362,17978616,186,2,2-10,2,10,
https://www.linkedin.com/company/colibri-energy/,17943999,1044,17,11-50,11,50,
https://www.linkedin.com/company/collective-ace-group/,74505070,1645,16,11-50,11,50,
https://www.linkedin.com/company/comgy.io,25168259,3649,26,11-50,11,50,
https://www.linkedin.com/company/compado/,11260023,5450,51,51-200,51,200,
https://www.linkedin.com/company/conductivai/,12974692,618,1,2-10,2,10,
https://www.linkedin.com/company/connylegal/,13976616,1213,62,51-200,51,200,
https://de.linkedin.com/company/wirsindconstruyo,13984504,1479,17,51-200,51,200,
https://www.linkedin.com/company/contentflow1/,24980179,758,7,11-50,11,50,
https://www.linkedin.com/company/cookies-labs-gmbh,7967430,113,0,11-50,11,50,
https://www.linkedin.com/company/coolbeez/,16171415,256,8,2-10,2,10,
https://www.linkedin.com/company/10840600/,10840600,1492,17,11-50,11,50,
https://www.linkedin.com/company-beta/10689364/,,,,,,,Failed after proxy rotation
https://www.linkedin.com/company/cosuno/,12601870,7153,73,51-200,51,200,
https://www.linkedin.com/in/cristian-alzati-7b832b1,OFFLINE,OFFLINE,OFFLINE,OFFLINE,OFFLINE,OFFLINE,
https://www.linkedin.com/company/coureon-logistics-gmbh,10927006,192,2,11-50,11,50,
https://www.linkedin.com/company/covert-science-gmbh,73166439,2,3,201-500,201,500,
https://www.linkedin.com/company/coya/,18201234,3605,9,51-200,51,200,
https://www.linkedin.com/company/cryptoticker-io/,18393971,1639,11,11-50,11,50,
https://de.linkedin.com/company/culcha,30701546,1449,7,11-50,11,50,
https://www.linkedin.com/company/cyberdirekt/,18281730,1934,24,11-50,11,50,
https://www.linkedin.com/company/cycle-eco,11803545,5654,149,51-200,51,200,
https://www.linkedin.com/company/dandelin/,18174533,1694,1,2-10,2,10,
https://www.linkedin.com/company/datarade,18583824,4210,26,11-50,11,50,
https://www.linkedin.com/company/dearemployee/about/,17944247,2646,14,11-50,11,50,
https://www.linkedin.com/company/deckard---a.i.-for-coding/,OFFLINE,OFFLINE,OFFLINE,OFFLINE,OFFLINE,OFFLINE,
https://www.linkedin.com/company/deep-neuron-lab/,12589526,3256,31,11-50,11,50,
https://www.linkedin.com/company/deepsafety/,13016023,612,12,11-50,11,50,
https://www.linkedin.com/company/deepset-ai,18582479,18852,82,51-200,51,200,
https://www.linkedin.com/company/deepspin/about/,34923599,5347,23,11-50,11,50,
https://www.linkedin.com/company/deepstreamhub/,10446930,295,2,11-50,11,50,
https://www.linkedin.com/company/defudger/,13028010,563,1,2-10,2,10,
https://www.linkedin.com/company/degura-gmbh,20515995,5360,40,11-50,11,50,
https://www.linkedin.com/company/dstudienfinanzierung/,17926318,623,6,2-10,2,10,
https://il.linkedin.com/company/dental21-de,34930726,1495,97,501-1000,501,1000,
https://www.linkedin.com/company/dentolo/,9454530,6085,148,51-200,51,200,
https://www.linkedin.com/company/detahq,20109134,1295,47,2-10,2,10,
https://www.linkedin.com/company/28988263/,4837025,16199,20,51-200,51,200,
https://www.linkedin.com/company/dfkp-gmbh/,30676930,1158,53,51-200,51,200,
https://in.linkedin.com/company/diamontech-gmbh,27049750,2732,28,11-50,11,50,
https://www.linkedin.com/company/13035197/,13035197,2419,3,11-50,11,50,
https://www.linkedin.com/company/diode-chain,26641279,300,8,2-10,2,10,
https://www.linkedin.com/showcase/discoeat-de/about/,79061268,35,null,11-50,11,50,
https://in.linkedin.com/company/diva-e-digital-value-enterprise-gmbh,OFFLINE,OFFLINE,OFFLINE,OFFLINE,OFFLINE,OFFLINE,
https://www.linkedin.com/company/dive-solutions/,11427101,4497,55,11-50,11,50,
https://de.linkedin.com/company/dizzbo-gmbh,18978466,2008,31,51-200,51,200,
https://www.linkedin.com/company/doctorly,27098659,7547,69,51-200,51,200,
https://www.linkedin.com/company/dogo-app/,11800341,2397,27,11-50,11,50,
https://www.linkedin.com/company/things-move-china-gmbh,OFFLINE,OFFLINE,OFFLINE,OFFLINE,OFFLINE,OFFLINE,
https://www.linkedin.com/company/dopavision/,11435684,1451,20,2-10,2,10,
https://www.linkedin.com/company/dudechem,78707888,2067,25,11-50,11,50,
https://www.linkedin.com/company/eatplants/?trk=similar-pages_result-card_full-click&originalSubdomain=in,42155495,1557,0,2-10,2,10,
https://www.linkedin.com/company/eclear-ag,35446538,3276,78,51-200,51,200,
https://www.linkedin.com/company/ecoligo,10237834,18729,63,51-200,51,200,
https://www.linkedin.com/company/ecoworksnetzerobuildings,12670671,10580,144,51-200,51,200,
https://de.linkedin.com/company/edamamafoods,11077465,405,0,2-10,2,10,
https://de.linkedin.com/company/edkimo,5200055,333,8,2-10,2,10,
https://www.linkedin.com/company/lehrermarktplatz-de/about/,10340565,11318,158,51-200,51,200,
https://www.linkedin.com/company/medidate,OFFLINE,OFFLINE,OFFLINE,OFFLINE,OFFLINE,OFFLINE,
https://www.linkedin.com/company/element-insurance,17990020,7286,95,51-200,51,200,
https://www.linkedin.com/company/elena-international,14781437,406,3,2-10,2,10,
https://www.linkedin.com/company/elinvar.de,OFFLINE,OFFLINE,OFFLINE,OFFLINE,OFFLINE,OFFLINE,
https://de.linkedin.com/company/elucidate-gmbh,18484380,4386,24,11-50,11,50,
https://www.linkedin.com/in/ivan-mirkovikj-7662ab146/,OFFLINE,OFFLINE,OFFLINE,OFFLINE,OFFLINE,OFFLINE,
https://www.linkedin.com/company/emil-de/,12625538,1586,42,51-200,51,200,
https://www.linkedin.com/company/emio-sharing,5393411,2389,39,51-200,51,200,
https://www.linkedin.com/company/enapter,13619372,37180,186,201-500,201,500,
https://www.linkedin.com/company/endelsound,11748929,8535,128,51-200,51,200,
https://www.linkedin.com/company/endodont,27192393,49,2,2-10,2,10,
https://www.linkedin.com/company/loops-ventures-gmbh,9264970,18,1,2-10,2,10,
https://www.linkedin.com/company/enote/,10127741,1446,27,11-50,11,50,
https://www.linkedin.com/company/enpal-gmbh,11805751,103313,2817,1001-5000,1001,5000,
https://www.linkedin.com/company/epilotmobility,30112094,386,2,11-50,11,50,
https://www.linkedin.com/company/erazerowaste/,40693995,1088,1,2-10,2,10,
https://www.linkedin.com/company/escarda,54080941,528,11,2-10,2,10,
https://www.linkedin.com/company/7564181/admin/,7564181,48,5,2-10,2,10,
https://www.linkedin.com/company/10820313,10820313,29043,5,2-10,2,10,
https://www.linkedin.com/company/etonec-gmbh,13047000,824,7,2-10,2,10,
https://www.linkedin.com/company/evercity,11541897,1348,8,2-10,2,10,
https://www.linkedin.com/company/evermood,33225686,3799,36,11-50,11,50,
https://www.linkedin.com/company/everphone-gmbh,10591766,8457,202,201-500,201,500,
https://www.linkedin.com/company/every-foods/,15793716,3407,358,11-50,11,50,
https://www.linkedin.com/company/evivecare/?originalSubdomain=in,OFFLINE,OFFLINE,OFFLINE,OFFLINE,OFFLINE,OFFLINE,
https://www.linkedin.com/company/exolos/,5351385,8,0,2-10,2,10,
https://www.linkedin.com/company/expatriogmbh,18419181,4228,59,11-50,11,50,
https://www.linkedin.com/company/expertlead_berlin,18187297,6716,27,51-200,51,200,
https://www.linkedin.com/company/explosion-ai,10945977,15690,14,11-50,11,50,
https://www.linkedin.com/company/fabvote,OFFLINE,OFFLINE,OFFLINE,OFFLINE,OFFLINE,OFFLINE,
https://www.linkedin.com/company/fairsenden/,30687225,681,8,11-50,11,50,
https://www.linkedin.com/company/famedly/about/,12976028,2221,34,11-50,11,50,
https://www.linkedin.com/company/fanmiles-gmbh/,2225206,292,5,11-50,11,50,
https://www.linkedin.com/company/fastic,26228240,4686,32,11-50,11,50,
https://in.linkedin.com/company/faze-models,10415027,263,14,2-10,2,10,
https://www.linkedin.com/company/fdx-fluid-dynamix-gmbh,10051792,921,20,11-50,11,50,
https://www.linkedin.com/company/feather-insurance,53086679,2754,49,11-50,11,50,
https://www.linkedin.com/company/felmo-gmbh,28511971,3607,104,201-500,201,500,
https://www.linkedin.com/company/femna/,12955582,1367,17,11-50,11,50,
https://www.linkedin.com/company/femtasy/,OFFLINE,OFFLINE,OFFLINE,OFFLINE,OFFLINE,OFFLINE,
https://www.linkedin.com/company/fertilly/,14863159,1940,14,11-50,11,50,
https://linkedin.com/company/field33,14834664,893,2,2-10,2,10,
https://www.linkedin.com/company/financeads-international/,9423414,1695,23,11-50,11,50,
https://www.linkedin.com/company/finanzmining,19075473,223,2,11-50,11,50,
https://www.linkedin.com/company/fincompare/,10976436,5237,64,51-200,51,200,
https://www.linkedin.com/company/finiata/,18120997,2294,21,11-50,11,50,
https://www.linkedin.com/company/finmarie/,27114701,3436,7,2-10,2,10,
https://www.linkedin.com/company/finoa-io,11775662,8680,78,51-200,51,200,
https://www.linkedin.com/company/fixfirst/?lipi=urn%3Ali%3Apage%3Ad_flagship3_company%3BquOpgQB3SNSlghSvvD6zkQ%3D%3D,18393576,4054,2,2-10,2,10,
https://www.linkedin.com/company/flank-ai/,18217136,4668,25,11-50,11,50,
https://www.linkedin.com/company/fliit-gmbh/,10905185,1928,9,51-200,51,200,
https://www.linkedin.com/company/flowletics/,18487137,1529,5,2-10,2,10,
https://www.linkedin.com/company/17901001,OFFLINE,OFFLINE,OFFLINE,OFFLINE,OFFLINE,OFFLINE,
https://www.linkedin.com/company/fluxprotocol,13996927,856,29,11-50,11,50,
https://www.linkedin.com/company/flyiin,OFFLINE,OFFLINE,OFFLINE,OFFLINE,OFFLINE,OFFLINE,
https://www.linkedin.com/company/fobe-me/,20487031,544,15,2-10,2,10,
https://www.linkedin.com/company/foldairs/about/,11768236,7,0,11-50,11,50,
https://de.linkedin.com/company/foodcircle,10206907,4810,11,11-50,11,50,
https://www.linkedin.com/company/atlantic-food-labs/,10421499,33983,66,11-50,11,50,
https://www.linkedin.com/company/footprinttechnologies/,37470869,2799,8,11-50,11,50,
https://www.linkedin.com/company/foreverly-gmbh,OFFLINE,OFFLINE,OFFLINE,OFFLINE,OFFLINE,OFFLINE,
https://www.linkedin.com/company/forexfix,OFFLINE,OFFLINE,OFFLINE,OFFLINE,OFFLINE,OFFLINE,
https://www.linkedin.com/company/eat-formo,18993955,20558,127,51-200,51,200,
https://www.linkedin.com/company/fortocompany,43352617,40305,626,501-1000,501,1000,
https://www.linkedin.com/company/founderslane/,10579247,6469,9,51-200,51,200,
https://www.linkedin.com/company/trustfractal,27015862,4118,31,11-50,11,50,
https://www.linkedin.com/company/fractalprotocol/,27015862,4118,31,11-50,11,50,
https://www.linkedin.com/company/framen,27224668,6582,68,51-200,51,200,
https://www.linkedin.com/company/frameright,25027152,247,4,2-10,2,10,
https://www.linkedin.com/company/frequenz-com/,51632786,1475,60,11-50,11,50,
https://www.linkedin.com/company/freshenergy,OFFLINE,OFFLINE,OFFLINE,OFFLINE,OFFLINE,OFFLINE,
https://www.linkedin.com/company/fri-day/,17940285,5377,156,51-200,51,200,
https://www.linkedin.com/company/frogo-ad,18082448,25,1,2-10,2,10,
https://www.linkedin.com/company/fundament-group/,OFFLINE,OFFLINE,OFFLINE,OFFLINE,OFFLINE,OFFLINE,
https://www.linkedin.com/company/fundflow/,OFFLINE,OFFLINE,OFFLINE,OFFLINE,OFFLINE,OFFLINE,
https://www.linkedin.com/company/funeria/,15160809,52,8,2-10,2,10,
https://www.linkedin.com/company/future-demand/,13073623,981,21,11-50,11,50,
https://www.linkedin.com/company/futuredu-labs/,18014824,5,1,11-50,11,50,
https://www.linkedin.com/company/fyta,14044769,1766,16,11-50,11,50,
https://www.linkedin.com/company/gallereplay/,7971472,84,4,2-10,2,10,
https://www.linkedin.com/company/gaming-stars,76980656,315,8,11-50,11,50,
https://www.linkedin.com/company/18728842/admin/,18728842,711,3,11-50,11,50,
https://www.linkedin.com/company/garden-io/,18445669,2118,23,11-50,11,50,
https://www.linkedin.com/company/gcn-global-comparison-network-gmbh/,71863813,175,22,51-200,51,200,
https://www.linkedin.com/company/german-autolabs,10826225,3212,16,11-50,11,50,
https://www.linkedin.com/in/sgartmann,OFFLINE,OFFLINE,OFFLINE,OFFLINE,OFFLINE,OFFLINE,
https://www.linkedin.com/company/getsteps/,28896679,771,11,11-50,11,50,
https://www.linkedin.com/company/getsurance/,10856525,1244,10,11-50,11,50,
https://www.linkedin.com/company/10461002?trk=tyah&trkInfo=clickedVertical%3Acompany%2CclickedEntityId%3A10461002%2Cidx%3A2-1-2%2CtarId%3A1460061876391%2Ctas%3Agirafi,OFFLINE,OFFLINE,OFFLINE,OFFLINE,OFFLINE,OFFLINE,
https://www.linkedin.com/company/gitticonsciousbeauty,20094761,7015,38,11-50,11,50,
https://www.linkedin.com/company/glambou,14775868,1844,48,51-200,51,200,
https://www.linkedin.com/company/glassdollar,17898538,6097,39,11-50,11,50,
https://www.linkedin.com/company/goedle-io/,OFFLINE,OFFLINE,OFFLINE,OFFLINE,OFFLINE,OFFLINE,
https://www.linkedin.com/company/goggo-network/,18960520,8620,22,11-50,11,50,
https://www.linkedin.com/company/golexic/,42393587,290,5,2-10,2,10,
https://www.linkedin.com/company/goliving/about/,14040010,594,2,11-50,11,50,
https://www.linkedin.com/company/grandperspective-gmbh/,28560004,1527,28,11-50,11,50,
https://www.linkedin.com/company/10344253,10344253,145,1,11-50,11,50,
https://www.linkedin.com/company/grid-esports,11851472,4636,95,51-200,51,200,
https://www.linkedin.com/company/grover,9419572,26662,369,201-500,201,500,
https://www.linkedin.com/company/growify,49137692,913,11,11-50,11,50,
https://www.linkedin.com/company/gurmeo,10017633,34,2,2-10,2,10,
https://www.linkedin.com/company/h2-mobility-germany-gmbh-&-co.-kg,37131226,17263,52,51-200,51,200,
https://www.linkedin.com/company/habitalix-gmbh/,OFFLINE,OFFLINE,OFFLINE,OFFLINE,OFFLINE,OFFLINE,
https://www.linkedin.com/company/habytglobal,17987080,12179,165,201-500,201,500,
https://www.linkedin.com/company/halmstraws,22338231,339,5,11-50,11,50,
https://www.linkedin.com/company/hashtag-you/,11848829,1356,48,51-200,51,200,
https://www.linkedin.com/company/hasty-ai/,14052908,1635,21,11-50,11,50,
https://www.linkedin.com/company/heatle-official/,54312298,1380,11,11-50,11,50,
https://www.linkedin.com/company/heavenhr/,10239188,14096,26,11-50,11,50,
https://www.linkedin.com/company/hellobetter/,36087800,17033,140,51-200,51,200,
https://www.linkedin.com/company/hellobody/,OFFLINE,OFFLINE,OFFLINE,OFFLINE,OFFLINE,OFFLINE,
https://www.linkedin.com/company/hellofreshgo/,11465900,12575,65,11-50,11,50,
https://www.linkedin.com/company/hendt,14823406,15,3,2-10,2,10,
https://www.linkedin.com/company/henisaja-gmbh/,OFFLINE,OFFLINE,OFFLINE,OFFLINE,OFFLINE,OFFLINE,
https://www.linkedin.com/company/ono-labs,18252232,2523,32,11-50,11,50,
https://www.linkedin.com/company/herdius,18150839,231,0,2-10,2,10,
https://www.linkedin.com/company/heycar,20495183,18481,178,51-200,51,200,
https://www.linkedin.com/company/heycater-,10301951,5558,38,51-200,51,200,
https://www.linkedin.com/company/heydata/,35535808,4378,55,51-200,51,200,
https://www.linkedin.com/company/10477629/,10477629,26043,403,201-500,201,500,
https://www.linkedin.com/company/hipeople-company,34575638,3857,20,11-50,11,50,
https://www.linkedin.com/company/homebeat.live/,10799300,141,1,2-10,2,10,
https://www.linkedin.com/company/homebell,10578197,986,6,51-200,51,200,
https://www.linkedin.com/company/homeday-gmbh/,9178200,4040,147,51-200,51,200,
https://www.linkedin.com/company/x24factory,16192037,1195,16,11-50,11,50,
https://de.linkedin.com/company/honest-rare,14029802,681,5,2-10,2,10,
https://www.linkedin.com/company/honestfood/,14449912,4376,22,2-10,2,10,
https://www.linkedin.com/company/honeypotio/,10210811,38671,46,51-200,51,200,
https://www.linkedin.com/company/9485773/,9485773,5034,44,11-50,11,50,
https://www.linkedin.com/company/hotelfriend,11359588,1500,37,51-200,51,200,
https://www.linkedin.com/company/hotelhero/,18052246,2026,2,2-10,2,10,
https://www.linkedin.com/company/hrmony-de,10069620,1297,28,11-50,11,50,
https://www.linkedin.com/company/hse-360,10222910,55,0,11-50,11,50,
https://www.linkedin.com/company/27110392/,27110392,271,1,2-10,2,10,
https://www.linkedin.com/company/hum-systems-gmbh/,18579135,1228,11,11-50,11,50,
https://www.linkedin.com/company/humanoo-gmbh,10577769,9486,102,51-200,51,200,
https://www.linkedin.com/company/hundredvitamins/,11431550,1494,17,11-50,11,50,
https://www.linkedin.com/company/huus-booths/,69701025,406,11,2-10,2,10,
https://www.linkedin.com/company/hygraph,18152461,7617,84,51-200,51,200,
https://www.linkedin.com/company/hypatos/,13000458,3642,84,51-200,51,200,
https://www.linkedin.com/company/hypcloud/,18124061,1032,14,11-50,11,50,
https://www.linkedin.com/company/i2x-ai/,15245319,3456,9,11-50,11,50,
https://www.linkedin.com/company/idagio/,9421072,3085,29,51-200,51,200,
https://www.linkedin.com/company/idalab-gmbh/,3069631,1617,12,11-50,11,50,
https://www.linkedin.com/company/ifunded,10578209,796,3,11-50,11,50,
https://www.linkedin.com/company/incapptic/,18113543,903,1,11-50,11,50,
https://www.linkedin.com/company/industrial-analytics-berlin/,11315425,3113,21,11-50,11,50,
https://www.linkedin.com/company/influanza,10807144,210,0,2-10,2,10,
https://www.linkedin.com/company/influnate-gmbh/,OFFLINE,OFFLINE,OFFLINE,OFFLINE,OFFLINE,OFFLINE,
https://www.linkedin.com/company/feral---fertility-awareness/,12897065,4944,147,11-50,11,50,
https://www.linkedin.com/company/innolend,10837313,92,0,11-50,11,50,
https://www.linkedin.com/company/inpera-gmbh/,OFFLINE,OFFLINE,OFFLINE,OFFLINE,OFFLINE,OFFLINE,
https://www.linkedin.com/company/inselberg-gmbh,10258829,102,0,11-50,11,50,
https://in.linkedin.com/company/insenio,11187950,84,8,11-50,11,50,
https://www.linkedin.com/company/getinsha/,18593882,2481,4,11-50,11,50,
http://www.linkedin.com/company/inspirient,10320279,630,5,2-10,2,10,
https://www.linkedin.com/company/inspora,11780876,100,0,11-50,11,50,
https://www.linkedin.com/company/instafreight-gmbh,15201904,9910,46,11-50,11,50,
https://www.linkedin.com/company/intertempi,33434566,662,4,2-10,2,10,
https://www.linkedin.com/company/siod/,5145220,8831,37,11-50,11,50,
https://www.linkedin.com/company/invesdor-dach,6631641,2805,34,51-200,51,200,
https://www.linkedin.com/company/invincible-brands/,OFFLINE,OFFLINE,OFFLINE,OFFLINE,OFFLINE,OFFLINE,
https://www.linkedin.com/company/inzmo,10876924,3585,22,11-50,11,50,
https://www.linkedin.com/company/jamblitup/,18323890,559,5,2-10,2,10,
https://www.linkedin.com/company-beta/10816817/,,,,,,,Failed after proxy rotation
https://www.linkedin.com/company/10456725/,10456725,4284,53,51-200,51,200,
https://www.linkedin.com/company/job-pal/about/,15074666,2538,3,11-50,11,50,
https://www.linkedin.com/company/jobufo-gmbh/,10835036,1531,15,51-200,51,200,
https://www.linkedin.com/company/joonko-io/,20526868,990,0,51-200,51,200,
https://www.linkedin.com/company/11161153/,11161153,688,9,2-10,2,10,
https://www.linkedin.com/company/jurafuchs,18467476,951,12,11-50,11,50,
https://www.linkedin.com/company/18070773/,18070773,1931,61,11-50,11,50,
https://www.linkedin.com/company/kamioni/about/,11771303,250,2,2-10,2,10,
https://www.linkedin.com/company/karosso,10058156,105,0,11-50,11,50,
https://www.linkedin.com/company/18967881/admin/,18967881,6158,116,51-200,51,200,
https://www.linkedin.com/company/keatz/,10306298,2014,8,51-200,51,200,
https://www.linkedin.com/company/keeet,18910093,76,0,2-10,2,10,
https://www.linkedin.com/company/15244872/,15244872,425,9,11-50,11,50,
https://www.linkedin.com/company/18202340/,11343894,1032,26,11-50,11,50,
https://www.linkedin.com/company/kemialytics/,10679823,126,1,2-10,2,10,
https://www.linkedin.com/company/kenbipflege/?originalSubdomain=de,37010300,2556,79,501-1000,501,1000,
https://www.linkedin.com/company/kenjohr/,18047181,7268,79,51-200,51,200,
https://www.linkedin.com/company/keyword-hero/,18055992,392,8,2-10,2,10,
https://www.linkedin.com/company/kilt-protocol/,14792744,2302,16,11-50,11,50,
https://www.linkedin.com/company/kindaling-ug-haftungsbeschr%C3%A4nkt-,10673291,477,11,11-50,11,50,
https://www.linkedin.com/company/kitchenful,37064052,603,9,11-50,11,50,
https://www.linkedin.com/company/kitchn-io/,20106270,515,9,11-50,11,50,
https://www.linkedin.com/company/kleiderly/,14773936,2758,0,2-10,2,10,
https://www.linkedin.com/company/get-klima/,28564757,18078,169,11-50,11,50,
https://www.linkedin.com/company/kolonne-null/,11776278,3461,22,11-50,11,50,
https://www.linkedin.com/company/kombuchery,14823128,885,13,11-50,11,50,
https://www.linkedin.com/company/kontist,7794118,10924,38,51-200,51,200,
https://www.linkedin.com/company/koolzone-tracking-systems-gmbh/,10490670,520,1,11-50,11,50,
https://www.linkedin.com/company/joinkoop/,OFFLINE,OFFLINE,OFFLINE,OFFLINE,OFFLINE,OFFLINE,
https://www.linkedin.com/company/kopernikusautomotive/,18472885,2126,38,11-50,11,50,
https://www.linkedin.com/company/18351893/,35447295,687,1,11-50,11,50,
https://www.linkedin.com/company/spitality-gmbh,12995113,2223,353,2-10,2,10,
https://www.linkedin.com/company/kreatize-gmbh/,10500112,3879,10,51-200,51,200,
https://www.linkedin.com/company/kuechenheld,10549661,2087,52,51-200,51,200,
https://www.linkedin.com/company/kugu-home,13215637,2588,43,11-50,11,50,
https://www.linkedin.com/company/kwara,11674555,11013,55,11-50,11,50,
https://www.linkedin.com/company/labfly?original_referer=https%3A%2F%2Fwww.google.com%2F,14797706,1031,6,2-10,2,10,
https://www.linkedin.com/company/11175473/,11175473,1804,108,11-50,11,50,
https://www.linkedin.com/company/landopay,20125297,106,0,2-10,2,10,
https://www.linkedin.com/company/lano-io,13020419,9041,91,51-200,51,200,
https://www.linkedin.com/company/laori/,28488205,1895,3,0-1,0,1,
https://www.linkedin.com/company/golayer-io ,OFFLINE,OFFLINE,OFFLINE,OFFLINE,OFFLINE,OFFLINE,
https://in.linkedin.com/company/le-buzz-gmbh,OFFLINE,OFFLINE,OFFLINE,OFFLINE,OFFLINE,OFFLINE,
http://www.linkedin.com/company/leanport-software-pvt-ltd,2252096,1748,35,11-50,11,50,
https://www.linkedin.com/company/leapsome/,17954843,20255,144,51-200,51,200,
https://www.linkedin.com/company/18203072,18203072,1739,6,11-50,11,50,
https://www.linkedin.com/company/lemon_one/,25075872,5972,71,201-500,201,500,
https://www.linkedin.com/company/lendis/,11806369,6026,60,51-200,51,200,
https://www.linkedin.com/company/levelupenglish/,37220419,344,10,2-10,2,10,
https://www.linkedin.com/company/lexatexer,56432368,262,1,2-10,2,10,
https://www.linkedin.com/company/license.rocks/,10933997,825,2,2-10,2,10,
https://www.linkedin.com/company/limitd/,20542948,698,27,11-50,11,50,
https://www.linkedin.com/company/lindera,10683238,2548,23,11-50,11,50,
https://www.linkedin.com/company/linearity-gmbh/,11844232,15703,71,51-200,51,200,
https://www.linkedin.com/company/10109966,OFFLINE,OFFLINE,OFFLINE,OFFLINE,OFFLINE,OFFLINE,
https://www.linkedin.com/company/liqid,9847424,12890,146,51-200,51,200,
https://www.linkedin.com/company/litionenergygmbh/,14784117,1849,5,11-50,11,50,
https://www.linkedin.com/company/liveeo/,11316892,15574,134,51-200,51,200,
https://www.linkedin.com/company/loco-adventures/,12606610,52,0,0-1,0,1,
https://www.linkedin.com/company/loots/,10033866,202,6,11-50,11,50,
https://www.linkedin.com/company/perfeggt/about/,77008243,4241,1,11-50,11,50,
https://www.linkedin.com/company/lukso/,18289660,7745,46,51-200,51,200,
https://www.linkedin.com/company/lumiform,12591117,2511,38,11-50,11,50,
https://www.linkedin.com/company/hrmony-de,10069620,1297,28,11-50,11,50,
https://www.linkedin.com/company/lyght-living/,OFFLINE,OFFLINE,OFFLINE,OFFLINE,OFFLINE,OFFLINE,
https://www.linkedin.com/company/lykon/?originalSubdomain=in,9770756,2417,34,51-200,51,200,
https://www.linkedin.com/company/machine26-gmbh/,20147234,1328,8,11-50,11,50,
https://www.linkedin.com/company/made-of-air,10862523,5388,18,11-50,11,50,
https://www.linkedin.com/company/magaloop/,18584732,2319,20,51-200,51,200,
https://www.linkedin.com/company/adani-port,OFFLINE,OFFLINE,OFFLINE,OFFLINE,OFFLINE,OFFLINE,
https://www.linkedin.com/company/manonamissionde,9411887,81,4,2-10,2,10,
https://www.linkedin.com/company/18133766/,18133766,1689,2,11-50,11,50,
https://www.linkedin.com/company/mapro-management-gmbh/ ,89175566,22,2,2-10,2,10,
https://www.linkedin.com/company/17984072/,17984072,545,2,11-50,11,50,
https://www.linkedin.com/company/matchx-io/,11377958,7801,9,11-50,11,50,
https://www.linkedin.com/company/mateforevents/,5162814,973,21,11-50,11,50,
https://www.linkedin.com/company/matterway,5083171,1167,30,11-50,11,50,
https://www.linkedin.com/company/mcmakler-gmbh/,6592456,14784,479,501-1000,501,1000,
https://www.linkedin.com/company/mdk-io,OFFLINE,OFFLINE,OFFLINE,OFFLINE,OFFLINE,OFFLINE,
https://www.linkedin.com/company-beta/15211561/,,,,,,,Failed after proxy rotation
https://www.linkedin.com/company/mealy,OFFLINE,OFFLINE,OFFLINE,OFFLINE,OFFLINE,OFFLINE,
https://www.linkedin.com/company/mediaire/,11736760,3375,48,11-50,11,50,
https://www.linkedin.com/company/medios-ag/,11855076,1300,110,501-1000,501,1000,
https://www.linkedin.com/company/meditopia/,27207390,34166,130,51-200,51,200,
https://www.linkedin.com/company/medloopltd,12634790,5881,14,11-50,11,50,
https://www.linkedin.com/company/medwing/,24787617,17251,214,201-500,201,500,
https://www.linkedin.com/company/meisterwerk-app,11806746,669,30,11-50,11,50,
https://www.linkedin.com/company/getmello/,18155531,280,3,2-10,2,10,
https://www.linkedin.com/company/melodrive/,11022180,424,1,2-10,2,10,
https://www.linkedin.com/company/memido,20316811,859,0,2-10,2,10,
https://www.linkedin.com/company/mentalab.co/,18078020,1217,11,2-10,2,10,
https://www.linkedin.com/company/mentavio,OFFLINE,OFFLINE,OFFLINE,OFFLINE,OFFLINE,OFFLINE,
https://www.linkedin.com/company/menu-tech/,11297998,327,9,2-10,2,10,
https://www.linkedin.com/company/merantix-capital,7943887,16427,37,51-200,51,200,
https://www.linkedin.com/company/merantix-momentum/,37059524,8153,54,51-200,51,200,
https://www.linkedin.com/company/mercavus/,14032186,718,1,11-50,11,50,
https://www.linkedin.com/company/mersor/?viewAsMember=true,18546583,1848,13,11-50,11,50,
https://www.linkedin.com/company/metr/,18068109,3350,33,11-50,11,50,
https://www.linkedin.com/company/mieterengel,10800279,272,21,11-50,11,50,
https://www.linkedin.com/company/mikahealth/,18203050,3267,66,11-50,11,50,
https://www.linkedin.com/company/drive-by-gmbh,17963453,14327,354,501-1000,501,1000,
https://www.linkedin.com/company/mindable-health/,12633962,2333,13,11-50,11,50,
https://www.linkedin.com/company/minespider/,18025577,3878,15,11-50,11,50,
https://www.linkedin.com/company/mintbase,18989237,3624,17,11-50,11,50,
https://www.linkedin.com/company/moberries/,10009040,4883,20,11-50,11,50,
https://www.linkedin.com/company/mobileboosthq,93859963,316,8,2-10,2,10,
https://www.linkedin.com/company/car2ad-mdl-mobility-data-lab-gmbh,OFFLINE,OFFLINE,OFFLINE,OFFLINE,OFFLINE,OFFLINE,
http://www.linkedin.com/company/mobiuslabs/,12664490,5023,17,11-50,11,50,
https://www.linkedin.com/company/momunity-app,13005560,173,8,2-10,2,10,
https://www.linkedin.com/company/moneycoach-ug,18147025,121,1,2-10,2,10,
https://www.linkedin.com/company/monitorfish,18043891,1540,4,11-50,11,50,
https://www.linkedin.com/company/moonfare,11288180,44005,249,51-200,51,200,
https://www.linkedin.com/company/mosscredit/,28895455,21526,372,201-500,201,500,
https://www.linkedin.com/company/movinga-gmbh/,10137971,5203,63,51-200,51,200,
https://www.linkedin.com/company/mowea-gmbh/?viewAsMember=true,15809629,3490,7,11-50,11,50,
https://www.linkedin.com/company/stability-labs/,19168020,500,1,2-10,2,10,
https://www.linkedin.com/company/mula-gmbh,11553790,3708,42,51-200,51,200,
https://www.linkedin.com/company/mybetterlifegmbh/,OFFLINE,OFFLINE,OFFLINE,OFFLINE,OFFLINE,OFFLINE,
https://www.linkedin.com/company/myego2go,OFFLINE,OFFLINE,OFFLINE,OFFLINE,OFFLINE,OFFLINE,
https://www.linkedin.com/company/memoria-gmbh/,7802022,831,43,51-200,51,200,
https://www.linkedin.com/company/mymycatering,18014215,957,14,11-50,11,50,
https://www.linkedin.com/company/myo-healthcare/,10141276,1794,32,11-50,11,50,
https://www.linkedin.com/company/myosfinance,18784409,2258,30,11-50,11,50,
https://www.linkedin.com/company/n8n,28491094,41911,79,51-200,51,200,
https://www.linkedin.com/company/nano-join/,11748967,1486,6,2-10,2,10,
https://www.linkedin.com/company/nebenan-de/,15822785,3856,128,51-200,51,200,
https://www.linkedin.com/company/netz-holding-gmbh,10462530,57,5,51-200,51,200,
https://www.linkedin.com/company/neurocatai/,18446204,2732,17,11-50,11,50,
https://www.linkedin.com/company-beta/10171730/,,,,,,,Failed after proxy rotation
https://www.linkedin.com/company/17877854/,13977788,2263,1,11-50,11,50,
https://www.linkedin.com/company/nextmatter/,11854166,2542,38,11-50,11,50,
https://www.linkedin.com/company/digitale-helferin/,15866231,3522,30,11-50,11,50,
https://www.linkedin.com/company/nilo-health/,30153455,15522,161,51-200,51,200,
https://www.linkedin.com/company/nocturne-ug/,11791440,341,1,2-10,2,10,
https://www.linkedin.com/company/nomitri/,26224847,2350,13,11-50,11,50,
https://www.linkedin.com/company/nostosgenomics/,13059616,4908,31,11-50,11,50,
https://www.linkedin.com/company/noteplan,14020785,163,4,2-10,2,10,
https://www.linkedin.com/company/november-vorsorge-bestattungen/,11358574,611,51,51-200,51,200,
https://www.linkedin.com/company/numa-stays,64733258,24618,444,201-500,201,500,
https://www.linkedin.com/company/nuri-for-babies/,17931843,75,4,2-10,2,10,
https://www.linkedin.com/company/nuventura-gmbh/,18540283,6797,68,51-200,51,200,
https://www.linkedin.com/company/nwtn-berlin-gmbh/,OFFLINE,OFFLINE,OFFLINE,OFFLINE,OFFLINE,OFFLINE,
https://www.linkedin.com/company/nyris-gmbh/,OFFLINE,OFFLINE,OFFLINE,OFFLINE,OFFLINE,OFFLINE,
https://www.linkedin.com/company/objectbox/,11357156,1384,9,2-10,2,10,
https://www.linkedin.com/company/nordic-oceanfruit/,12650938,2215,5,11-50,11,50,
https://www.linkedin.com/company/oceansapart,11821609,7206,105,51-200,51,200,
https://www.linkedin.com/company/oculid/,OFFLINE,OFFLINE,OFFLINE,OFFLINE,OFFLINE,OFFLINE,
https://www.linkedin.com/company/oeex-gmbh,41372949,0,0,11-50,11,50,
https://www.linkedin.com/company/ohlala-com,10098788,133,3,11-50,11,50,
https://www.linkedin.com/company/omniushq/,17875636,5277,58,51-200,51,200,
https://www.linkedin.com/company/conpage-gmbh,OFFLINE,OFFLINE,OFFLINE,OFFLINE,OFFLINE,OFFLINE,
https://www.linkedin.com/company/ono-motion/,18221596,8764,28,11-50,11,50,
https://www.linkedin.com/company/ooshi-gmbh,34221396,5875,36,11-50,11,50,
https://www.linkedin.com/company/openhandwerk/,18077853,1713,8,11-50,11,50,
https://www.linkedin.com/company/optidash/,30214989,88,2,2-10,2,10,
https://www.linkedin.com/company/optilyz,10226330,1618,35,11-50,11,50,
https://www.linkedin.com/company/oreltech/,9405544,1180,7,2-10,2,10,
https://www.linkedin.com/company/oscoin,12600127,17,2,11-50,11,50,
https://www.linkedin.com/company/37035843/,37035843,522,10,11-50,11,50,
https://www.linkedin.com/company/ozankofficial/,75051004,367,4,11-50,11,50,
https://www.linkedin.com/company/packator-gmbh/,10275582,201,2,11-50,11,50,
https://www.linkedin.com/company/pair-finance,7943430,3943,190,201-500,201,500,
https://www.linkedin.com/company/parlamind-lia-labs-gmbh,OFFLINE,OFFLINE,OFFLINE,OFFLINE,OFFLINE,OFFLINE,
https://www.linkedin.com/company/parloa,26188804,18084,314,201-500,201,500,
https://www.linkedin.com/company/passbase,18888821,4316,4,11-50,11,50,
https://www.linkedin.com/company/passion.io/,10616845,62228,118,51-200,51,200,
https://www.linkedin.com/company/patient21,77040106,3249,87,501-1000,501,1000,
https://www.linkedin.com/company/pazls-gmbh,11453661,70,0,2-10,2,10,
https://www.linkedin.com/company/14836782/admin/,14836782,7713,1,11-50,11,50,
https://www.linkedin.com/company/peers-solutions/,26258491,2170,15,11-50,11,50,
https://www.linkedin.com/company/pentabanking/,OFFLINE,OFFLINE,OFFLINE,OFFLINE,OFFLINE,OFFLINE,
https://www.linkedin.com/company/perdoo,5214403,3583,14,11-50,11,50,
https://www.linkedin.com/company/peregrine-ai,13038919,4864,28,11-50,11,50,
https://www.linkedin.com/company/performanat/,9437726,218,7,11-50,11,50,
https://www.linkedin.com/company/perseuscyberclub/,18143258,2410,35,11-50,11,50,
https://www.linkedin.com/company/perto-gmbh/,27218359,1030,29,11-50,11,50,
https://www.linkedin.com/company/pets-deli/,9450622,2871,79,51-200,51,200,
https://www.linkedin.com/company/pflegetiger-gmbh,10860174,230,7,51-200,51,200,
https://www.linkedin.com/company/pfleglisoft/,18557870,44,1,2-10,2,10,
https://www.linkedin.com/company/phantasma-labs-limited/,12579748,1487,10,11-50,11,50,
https://www.linkedin.com/company/phasecom/,11456284,1927,40,11-50,11,50,
https://www.linkedin.com/company/adac-pincamp,11770779,2260,72,51-200,51,200,
https://www.linkedin.com/company/pipe-iot,82404141,23,2,2-10,2,10,
https://www.linkedin.com/company/pitchhq,27222819,28968,66,51-200,51,200,
http://linkedin.com/company/planaearth,17966020,54276,278,51-200,51,200,
https://www.linkedin.com/company/commondigital/,14037432,542,9,2-10,2,10,
https://www.linkedin.com/company/planetly,OFFLINE,OFFLINE,OFFLINE,OFFLINE,OFFLINE,OFFLINE,
https://www.linkedin.com/company/42412506,42412506,1351,13,2-10,2,10,
https://www.linkedin.com/company/peat-ug-haftungsbeschr%C3%A4nkt-/,10620325,24608,323,201-500,201,500,
https://www.linkedin.com/company/playsnak/,5125840,311,2,11-50,11,50,
https://www.linkedin.com/company/plugvan/?originalSubdomain=de,14007794,628,4,11-50,11,50,
https://www.linkedin.com/company/polypoly-polyverse,14826715,1786,6,11-50,11,50,
https://www.linkedin.com/company/polyteia/,11186557,3649,29,11-50,11,50,
https://www.linkedin.com/company/popcore-gmbh,12987576,7943,54,51-200,51,200,
https://www.linkedin.com/company/powerplace-io/about/,OFFLINE,OFFLINE,OFFLINE,OFFLINE,OFFLINE,OFFLINE,
https://www.linkedin.com/company/power-us/,28551889,5600,131,51-200,51,200,
https://www.linkedin.com/company/11027575/,11027575,28,0,2-10,2,10,
https://www.linkedin.com/company/printmate-gmbh/,10919982,1312,12,2-10,2,10,
https://www.linkedin.com/company/prodisfy/about/,18393576,4054,2,2-10,2,10,
https://www.linkedin.com/company/pronoblis-ag/,26245817,52,4,2-10,2,10,
https://www.linkedin.com/company/proova/,13987186,85,2,0-1,0,1,
https://www.linkedin.com/company/prosoma,35634161,2079,32,11-50,11,50,
https://www.linkedin.com/company/pulsproject,71217765,963,25,11-50,11,50,
https://www.linkedin.com/company/pyramics-gmbh/about/,35524146,32,1,2-10,2,10,
https://www.linkedin.com/company/qreuz,35620342,108,0,2-10,2,10,
https://www.linkedin.com/company/quantica3d,65260744,4549,63,11-50,11,50,
https://www.linkedin.com/company/quantistry,11831124,4078,20,11-50,11,50,
https://www.linkedin.com/company/quantune,28918992,1073,14,2-10,2,10,
https://www.linkedin.com/company/qunomedical,10553267,4353,47,51-200,51,200,
https://www.linkedin.com/company/quofox-gmbh/,10073919,1282,10,201-500,201,500,
https://www.linkedin.com/company/qvsta,10623876,170,3,11-50,11,50,
https://www.linkedin.com/company/r3-reliable-realtime-radio-communications-gmbh,10169011,2414,40,11-50,11,50,
https://www.linkedin.com/company/rampmedical,11776734,530,2,2-10,2,10,
https://www.linkedin.com/company/ready2plugin/about/,49107348,23,1,2-10,2,10,
https://www.linkedin.com/company/realities-io/?originalSubdomain=in,7577588,765,8,2-10,2,10,
https://www.linkedin.com/company/real-port,14656396,2819,3,11-50,11,50,
https://www.linkedin.com/company/realxdata,18004397,3058,15,5001-10000,5001,10000,
https://www.linkedin.com/company/rebolet,18687391,892,17,11-50,11,50,
https://de.linkedin.com/company/recare,18003901,4768,116,51-200,51,200,
https://www.linkedin.com/company/rectag-gbr/,12973959,381,4,2-10,2,10,
https://www.linkedin.com/company/relevagmbh/,11105411,124,7,11-50,11,50,
https://www.linkedin.com/company/letsremagine/,14837324,2354,4,11-50,11,50,
https://www.linkedin.com/company/remindmegmbh,20080779,1323,35,51-200,51,200,
https://www.linkedin.com/company/remotemore/,18433514,4240,17,11-50,11,50,
https://www.linkedin.com/company/remoteplatz,1417709,8576,9,11-50,11,50,
https://www.linkedin.com/company/rent24/,10849938,2436,29,51-200,51,200,
https://www.linkedin.com/company/resonanz-io/,30703807,606,2,11-50,11,50,
https://www.linkedin.com/company/retail-media-group-a-ceconomy-company-/,OFFLINE,OFFLINE,OFFLINE,OFFLINE,OFFLINE,OFFLINE,
https://www.linkedin.com/company/17988955/,OFFLINE,OFFLINE,OFFLINE,OFFLINE,OFFLINE,OFFLINE,
https://www.linkedin.com/company/ridecapital,12583225,4484,35,11-50,11,50,
https://www.linkedin.com/company/rise-up-fashion-gmbh/,14783984,186,1,51-200,51,200,
https://www.linkedin.com/company/roobeo/,18415842,2343,17,2-10,2,10,
https://www.linkedin.com/company/rowsHQ,11399980,12613,46,51-200,51,200,
https://www.linkedin.com/company/roykombucha/,12613255,2824,14,11-50,11,50,
https://www.linkedin.com/company/runtimegg/,10938032,411,10,2-10,2,10,
https://www.linkedin.com/company/ruum,OFFLINE,OFFLINE,OFFLINE,OFFLINE,OFFLINE,OFFLINE,
https://www.linkedin.com/company/rvolt/,OFFLINE,OFFLINE,OFFLINE,OFFLINE,OFFLINE,OFFLINE,
https://www.linkedin.com/company/rysta/,10358194,880,5,11-50,11,50,
https://www.linkedin.com/company/salto-systems-s-l-,842653,43497,899,1001-5000,1001,5000,
https://www.linkedin.com/company/sanitygroup/,14008149,8708,80,51-200,51,200,
https://www.linkedin.com/company/scavengar/about/,12991592,747,8,2-10,2,10,
https://www.linkedin.com/company/sciflow-gmbh,10908250,252,6,2-10,2,10,
https://www.linkedin.com/company/seashelltechnology/,OFFLINE,OFFLINE,OFFLINE,OFFLINE,OFFLINE,OFFLINE,
https://www.linkedin.com/company/seniovo/,16265366,673,29,11-50,11,50,
https://www.linkedin.com/company/sennder,10442437,43055,922,1001-5000,1001,5000,
https://www.linkedin.com/company/sentryc-gmbh/,35662695,2043,42,11-50,11,50,
https://www.linkedin.com/company/9493498,OFFLINE,OFFLINE,OFFLINE,OFFLINE,OFFLINE,OFFLINE,
https://www.linkedin.com/company/service4charger-gmbh/,71550899,3011,57,51-200,51,200,
https://www.linkedin.com/company/shareberlin/,27227394,21786,131,51-200,51,200,
https://www.linkedin.com/company/sharpist/,11692819,18411,167,11-50,11,50,
https://www.linkedin.com/company-beta/17969937/,,,,,,,Failed after proxy rotation
https://www.linkedin.com/company/shipwise,6601043,4254,40,11-50,11,50,
https://www.linkedin.com/company/shoplink-gmbh,17932692,14,3,11-50,11,50,
https://www.linkedin.com/company/11294367/,OFFLINE,OFFLINE,OFFLINE,OFFLINE,OFFLINE,OFFLINE,
https://www.linkedin.com/company/showheroes-group/,70442459,7152,393,201-500,201,500,
https://www.linkedin.com/company/shynelabs,18857240,343,23,11-50,11,50,
https://www.linkedin.com/company/merantix-automotive/?viewAsMember=true,30754273,1870,1,11-50,11,50,
https://www.linkedin.com/in/sicoya-gmbh-65b168124,OFFLINE,OFFLINE,OFFLINE,OFFLINE,OFFLINE,OFFLINE,
https://www.linkedin.com/company/signa-sports-united/,14833010,7619,746,1001-5000,1001,5000,
https://www.linkedin.com/company/signatrix,11857567,889,25,11-50,11,50,
https://www.linkedin.com/company/simplaex/,10335837,1101,4,11-50,11,50,
https://www.linkedin.com/company/simplifa,OFFLINE,OFFLINE,OFFLINE,OFFLINE,OFFLINE,OFFLINE,
https://www.linkedin.com/company/simplinic/,15230670,2588,14,11-50,11,50,
https://www.linkedin.com/company/siremixtech,71196682,17,0,2-10,2,10,
https://www.linkedin.com/company/sirplusde/,12904304,5816,29,2-10,2,10,
https://www.linkedin.com/company/siut,10333122,1369,5,2-10,2,10,
https://www.linkedin.com/company/sizolution,OFFLINE,OFFLINE,OFFLINE,OFFLINE,OFFLINE,OFFLINE,
https://www.linkedin.com/company/skillyoga/,11781744,628,6,2-10,2,10,
https://www.linkedin.com/company/skipapp,13211787,31,0,2-10,2,10,
https://www.linkedin.com/company/skycharge,5052963,1647,10,2-10,2,10,
https://www.linkedin.com/company/slicebusiness,6591446,870,0,11-50,11,50,
https://www.linkedin.com/company/smart-host-gmbh/,18322960,1247,29,11-50,11,50,
https://de.linkedin.com/company/smart-steel-technologies,13997863,2298,45,51-200,51,200,
https://linkedin.com/company/smartcloudfarming,18556197,1869,4,11-50,11,50,
https://www.linkedin.com/company/smarterials/,10194226,210,6,2-10,2,10,
https://www.linkedin.com/company/sterlix/mycompany/,18424848,516,29,51-200,51,200,
https://www.linkedin.com/company/smunch,10597646,1928,35,51-200,51,200,
https://www.linkedin.com/company/snazz/?viewAsMember=true,5259728,287,4,2-10,2,10,
https://www.linkedin.com/company/snubes-gmbh,18187318,1061,13,11-50,11,50,
https://www.linkedin.com/company/snuggs/,19026748,6985,40,11-50,11,50,
https://www.linkedin.com/company/sobastudios,20119032,2368,50,11-50,11,50,
https://www.linkedin.com/company/12660260,12660260,21508,59,11-50,11,50,
https://www.linkedin.com/company/solaroutdoormedia,13996918,1028,8,2-10,2,10,
https://www.linkedin.com/company/solarisbank,10533980,53825,734,501-1000,501,1000,
https://www.linkedin.com/company/solarworx-ug/,18544158,1106,7,2-10,2,10,
https://www.linkedin.com/company/getsolsten/,11452789,6494,56,51-200,51,200,
https://www.linkedin.com/company/solvemate/,10497605,2703,0,11-50,11,50,
https://www.linkedin.com/company/solytic/,18171415,5992,18,11-50,11,50,
https://www.linkedin.com/company/soulspice/,10878518,346,7,2-10,2,10,
https://www.linkedin.com/company/sourcingbot,OFFLINE,OFFLINE,OFFLINE,OFFLINE,OFFLINE,OFFLINE,
https://www.linkedin.com/company/sparks42-gmbh,10314001,124,1,11-50,11,50,
https://www.linkedin.com/company/17951370,17951370,773,10,11-50,11,50,
https://linkedin.com/company/spectrm,10595881,2876,48,51-200,51,200,
https://www.linkedin.com/company/spherity,18314188,3454,31,11-50,11,50,
https://www.linkedin.com/company/spicenerds,42300100,83,0,2-10,2,10,
https://www.linkedin.com/company/chainwisegroup/,18530899,2383,33,11-50,11,50,
https://www.linkedin.com/company/spomoco,11294705,13,0,0-1,0,1,
https://www.linkedin.com/company/sponsokit/,10233811,486,2,2-10,2,10,
https://in.linkedin.com/company/spooning-cookie-dough,OFFLINE,OFFLINE,OFFLINE,OFFLINE,OFFLINE,OFFLINE,
https://www.linkedin.com/company/spread-ai,52113444,4725,110,51-200,51,200,
https://www.linkedin.com/company/sprk-global/,13000796,2837,21,11-50,11,50,
https://www.linkedin.com/company/sprt-‚Ñ¢,OFFLINE,OFFLINE,OFFLINE,OFFLINE,OFFLINE,OFFLINE,
https://www.linkedin.com/company/sqetch/,10024766,966,3,2-10,2,10,
https://www.linkedin.com/company/sqin-app,10925488,2059,16,11-50,11,50,
https://www.linkedin.com/company/stackfuel/,10871010,3206,92,51-200,51,200,
https://www.linkedin.com/company/staiy/,14824285,5740,5,11-50,11,50,
https://www.linkedin.com/company/starberrygames/,18034333,1868,27,11-50,11,50,
https://www.linkedin.com/company/startupinsider/,12601549,31991,41,2-10,2,10,
https://www.linkedin.com/company/steady-media,15085247,2527,22,11-50,11,50,
https://www.linkedin.com/company/stegimondo,OFFLINE,OFFLINE,OFFLINE,OFFLINE,OFFLINE,OFFLINE,
https://www.linkedin.com/company/stiki-io/,28992034,7,0,0-1,0,1,
https://www.linkedin.com/company/stomt,2639122,97,2,2-10,2,10,
https://www.linkedin.com/company/stratosphere-games-gmbh/,6429771,1870,38,11-50,11,50,
https://www.linkedin.com/school/epicode-global/,OFFLINE,OFFLINE,OFFLINE,OFFLINE,OFFLINE,OFFLINE,
https://www.linkedin.com/company/stromdao/,18037207,382,3,2-10,2,10,
https://www.linkedin.com/company/superizzyai/,18096065,175,0,2-10,2,10,
http://www.linkedin.com/company/survemobility,18215136,3305,14,201-500,201,500,
https://www.linkedin.com/company/swobbee,26181336,4617,36,11-50,11,50,
https://www.linkedin.com/company/synergist-io/,9491914,629,1,11-50,11,50,
https://in.linkedin.com/company/t-knife,18197478,6042,79,51-200,51,200,
https://www.linkedin.com/in/larisa-pitkevich-020b3318b/,OFFLINE,OFFLINE,OFFLINE,OFFLINE,OFFLINE,OFFLINE,
https://www.linkedin.com/company/tacalyx,28526121,1677,14,2-10,2,10,
https://www.linkedin.com/company/talea.de,17945581,358,23,201-500,201,500,
https://www.linkedin.com/company/taledo/,6395957,8822,39,11-50,11,50,
https://www.linkedin.com/company/talentspacehq/,6420546,4463,9,51-200,51,200,
https://www.linkedin.com/company/talon.one,10393857,13424,214,51-200,51,200,
https://www.linkedin.com/company/tandem---mobile-language-exchange/,10470867,4082,48,11-50,11,50,
https://www.linkedin.com/company/tapglue,9432923,77,0,2-10,2,10,
https://www.linkedin.com/company/taxfix,10791106,24822,339,201-500,201,500,
https://www.linkedin.com/company/techgdpr/,11416923,1947,11,11-50,11,50,
https://www.linkedin.com/company/tellonym/,18575134,1765,13,11-50,11,50,
https://www.linkedin.com/company/37777727/admin/,37777727,162,2,2-10,2,10,
https://www.linkedin.com/company/testxchange/,10841152,1106,6,11-50,11,50,
https://www.linkedin.com/company/thebase-fol-group/,14795793,2320,27,11-50,11,50,
https://www.linkedin.com/company/the-bina-school,OFFLINE,OFFLINE,OFFLINE,OFFLINE,OFFLINE,OFFLINE,
https://www.linkedin.com/company/the-female-company/,11705474,27104,58,11-50,11,50,
https://www.linkedin.com/company/the-prepared/,18939971,76,1,2-10,2,10,
https://www.linkedin.com/company/therainforestcompany/,11137632,7753,11,11-50,11,50,
https://www.linkedin.com/company/thingk-systems,20331400,140,2,2-10,2,10,
https://www.linkedin.com/company/think-it.io/,11184454,21572,72,51-200,51,200,
https://www.linkedin.com/company/thinkimmo,34580026,1358,5,2-10,2,10,
https://www.linkedin.com/company/thryvehealth,18017666,3288,25,11-50,11,50,
https://www.linkedin.com/company/tiermobility,11820361,55514,684,1001-5000,1001,5000,
https://www.linkedin.com/company/tierarzt-plus-partner/,28876110,2014,138,1001-5000,1001,5000,
https://www.linkedin.com/company/tillhub-gmbh,15218381,1564,47,51-200,51,200,
http://www.linkedin.com/company/timberbase,13069750,711,1,11-50,11,50,
https://www.linkedin.com/company/10431398,OFFLINE,OFFLINE,OFFLINE,OFFLINE,OFFLINE,OFFLINE,
https://www.linkedin.com/company/timelessinvestments/,66906724,6951,34,11-50,11,50,
https://www.linkedin.com/company/tink-gmbh/,10837712,10965,95,51-200,51,200,
https://www.linkedin.com/company/14773971/,96681381,28349,1,11-50,11,50,
https://www.linkedin.com/company/tnx-limited/,17922587,1120,6,1001-5000,1001,5000,
https://www.linkedin.com/company/tomorrow-biostasis/,67122183,2331,10,11-50,11,50,
https://www.linkedin.com/company/tooltimegmbh/,15866258,4883,107,51-200,51,200,
https://www.linkedin.com/company/tourlane,18109610,17523,573,501-1000,501,1000,
https://www.linkedin.com/company/trade-republic/,13014668,101255,1036,201-500,201,500,
https://www.linkedin.com/company/treffen-anywhere,OFFLINE,OFFLINE,OFFLINE,OFFLINE,OFFLINE,OFFLINE,
https://www.linkedin.com/company/trendblog,18292024,390,5,11-50,11,50,
https://www.linkedin.com/company/trueken,OFFLINE,OFFLINE,OFFLINE,OFFLINE,OFFLINE,OFFLINE,
https://www.linkedin.com/company/turbit-systems-gmbh/,13977592,2001,27,11-50,11,50,
https://www.linkedin.com/company/twenty-billion-neurons-gmbh,OFFLINE,OFFLINE,OFFLINE,OFFLINE,OFFLINE,OFFLINE,
https://www.linkedin.com/company/twinner/,12672186,3656,24,51-200,51,200,
https://www.linkedin.com/company/10231806,10231806,441,0,11-50,11,50,
https://www.linkedin.com/company/uberchord-engineering/,5136213,348,7,11-50,11,50,
https://de.linkedin.com/company/ucair-gmbh,18000338,353,1,2-10,2,10,
https://www.linkedin.com/company/ucandoo/,34903958,34,4,2-10,2,10,
https://www.linkedin.com/company/ultimate.ai/,10943000,13932,126,51-200,51,200,
https://www.linkedin.com/company/ultramarin-gmbh/,17949987,3438,35,11-50,11,50,
https://www.linkedin.com/company/unicorn-berlin,11451013,2923,38,51-200,51,200,
https://www.linkedin.com/company/uniwhere,6331158,772,1,2-10,2,10,
https://www.linkedin.com/company/upcue/,17995688,281,0,2-10,2,10,
https://www.linkedin.com/company/upper-technologies,34955353,6172,73,11-50,11,50,
https://www.linkedin.com/company/upvest/,18388245,14505,183,51-200,51,200,
https://www.linkedin.com/company/urbanchallenger,90969345,248,7,2-10,2,10,
https://www.linkedin.com/company/urban-energy-gmbh/,14017028,1296,17,11-50,11,50,
https://www.linkedin.com/company/18068372/,51692521,1121818,18,11-50,11,50,
https://www.linkedin.com/company/urbify/,28563443,3599,30,11-50,11,50,
https://www.linkedin.com/company/uvantage-fintech/,53122560,13,0,2-10,2,10,
https://www.linkedin.com/company/vaha/,23103852,3625,23,11-50,11,50,
https://www.linkedin.com/company/vaitrade/,OFFLINE,OFFLINE,OFFLINE,OFFLINE,OFFLINE,OFFLINE,
https://www.linkedin.com/company/valendo,OFFLINE,OFFLINE,OFFLINE,OFFLINE,OFFLINE,OFFLINE,
https://www.linkedin.com/company/valsight/,4864651,1525,26,11-50,11,50,
https://in.linkedin.com/company/vanolia,15244278,36,1,2-10,2,10,
https://www.linkedin.com/company/vara-ai/,30122341,9974,59,11-50,11,50,
https://www.linkedin.com/company/vaytechnology,12584218,15349,163,51-200,51,200,
https://www.linkedin.com/company/vehiculum/,10246911,1949,28,51-200,51,200,
https://www.linkedin.com/company/verimi/,25032161,5215,87,51-200,51,200,
https://www.linkedin.com/company/veritas-entertainment-gmbh,66611193,680,8,11-50,11,50,
https://www.linkedin.com/company/vermietet.de/,17917470,1274,5,51-200,51,200,
https://www.linkedin.com/company/verne-ai,OFFLINE,OFFLINE,OFFLINE,OFFLINE,OFFLINE,OFFLINE,
https://www.linkedin.com/company/veronymsecurityfirst/,11825646,369,3,11-50,11,50,
https://www.linkedin.com/company/vertama,18421627,515,8,11-50,11,50,
https://www.linkedin.com/company/vetevo/,18340742,939,19,11-50,11,50,
https://www.linkedin.com/company/veyo-care/,6649502,109,6,11-50,11,50,
https://www.linkedin.com/company/vila-health/,20091213,383,2,2-10,2,10,
https://www.linkedin.com/company/viomedo/,9463973,263,1,2-10,2,10,
https://in.linkedin.com/company/viorama,OFFLINE,OFFLINE,OFFLINE,OFFLINE,OFFLINE,OFFLINE,
https://www.linkedin.com/company/virail,18292649,1619,14,2-10,2,10,
https://www.linkedin.com/company/visualix/,18456351,921,1,51-200,51,200,
https://www.linkedin.com/company/vivirahealth/,10349589,3759,61,51-200,51,200,
https://www.linkedin.com/company/vlyfoods,28987286,11360,35,11-50,11,50,
https://www.linkedin.com/company/voiio,11779866,3312,55,51-200,51,200,
https://www.linkedin.com/company/volders-gmbh,10786581,1069,23,11-50,11,50,
https://www.linkedin.com/company/waku-robotics,26254125,4159,8,11-50,11,50,
https://www.linkedin.com/company/warehousing1,18907174,4240,33,51-200,51,200,
https://www.linkedin.com/company/watchmaster/,OFFLINE,OFFLINE,OFFLINE,OFFLINE,OFFLINE,OFFLINE,
https://www.linkedin.com/company/watergenics,20534349,2198,14,11-50,11,50,
https://www.linkedin.com/company/weare-rooms,18157574,1518,15,2-10,2,10,
https://www.linkedin.com/company/wefox,18137160,36600,527,1001-5000,1001,5000,
https://www.linkedin.com/company/wellnowde,9431411,513,22,11-50,11,50,
https://www.linkedin.com/company/weps-global-ltd,10603198,143,5,2-10,2,10,
https://www.linkedin.com/company/whoelseai,42375128,106,2,2-10,2,10,
https://www.linkedin.com/company/wholey/,18172193,3975,45,11-50,11,50,
https://www.linkedin.com/company/wildcorn,OFFLINE,OFFLINE,OFFLINE,OFFLINE,OFFLINE,OFFLINE,
https://www.linkedin.com/company/wondder,34613171,2185,12,11-50,11,50,
https://www.linkedin.com/company/wonderwaysales,27058895,8036,5,11-50,11,50,
https://www.linkedin.com/company/workbee-germany,30075659,1103,18,11-50,11,50,
https://www.linkedin.com/company/workist-com/,13067060,5406,50,11-50,11,50,
https://www.linkedin.com/company/worldofficial,76499266,31465,361,51-200,51,200,
https://www.linkedin.com/company/world-around-me-gmbh/,72285990,8,4,2-10,2,10,
https://www.linkedin.com/company/wowtech-group,1988917,6870,52,201-500,201,500,
https://www.linkedin.com/company/wunderpen-berlin,10886215,924,28,11-50,11,50,
https://www.linkedin.com/company/wundertax-gmbh/,18129250,1556,22,11-50,11,50,
https://www.linkedin.com/company/xayn,18061921,3666,30,11-50,11,50,
https://www.linkedin.com/company/xbird/,10060167,1410,0,11-50,11,50,
https://www.linkedin.com/company/xbyx,28908561,1223,28,11-50,11,50,
https://www.linkedin.com/company/xircles/?trk=public_profile_experience-item_result-card_subtitle-click&originalSubdomain=by,18042129,1976,8,11-50,11,50,
https://www.linkedin.com/company/xolo3d/?originalSubdomain=de,14814948,2441,23,2-10,2,10,
https://www.linkedin.com/company/xu-group/,42926514,3003,138,51-200,51,200,
https://www.linkedin.com/company/yaak-technologies,37450535,1516,35,11-50,11,50,
https://www.linkedin.com/company/yas.life---magnum-est-digital-health-gmbh/,10892263,1683,29,11-50,11,50,
https://www.linkedin.com/company/yeay/,10779183,883,17,11-50,11,50,
https://www.linkedin.com/company/yepoda,31147464,7599,101,51-200,51,200,
https://www.linkedin.com/company/yilu,11763825,1773,40,11-50,11,50,
https://www.linkedin.com/company/yolifeapp/,18345069,574,1,2-10,2,10,
https://www.linkedin.com/company/yptokey,18657015,459,0,2-10,2,10,
https://www.linkedin.com/company/yuhealth,20104099,489,19,2-10,2,10,
http://www.linkedin.com/company/6376791,6376791,2405,11,51-200,51,200,
https://www.linkedin.com/company/zeitgold,15090324,3041,7,11-50,11,50,
https://www.linkedin.com/company/zenfulfillment,7947305,3108,45,51-200,51,200,
https://www.linkedin.com/company/zenhomes/,20507573,1287,10,11-50,11,50,
https://www.linkedin.com/company/zenjob,10579486,11618,490,201-500,201,500,
https://www.linkedin.com/company/zenloop,27172127,5305,17,51-200,51,200,
https://www.linkedin.com/company/zepto-timekeeping/,20082517,202,0,11-50,11,50,
https://www.linkedin.com/company/zinsbaustein.de,10550045,1603,30,11-50,11,50,
https://www.linkedin.com/company/zksystems/,18677007,1436,4,2-10,2,10,
https://www.linkedin.com/in/raphaello-szmanda-063328177/,OFFLINE,OFFLINE,OFFLINE,OFFLINE,OFFLINE,OFFLINE,
https://www.linkedin.com/company/zolar-gmbh/,17976457,22533,336,501-1000,501,1000,
